Patient_ID,First_Name,Last_Name,Date_Of_Birth,Gender,Phone_Number,Email_ID,Age,Height,Weight,Blood_Group,Created_On,Modified_On
1,Evey,Kenny,7/8/05,Female,516-377-2388,ekenny0@macromedia.com,20,76,68,O+,7/30/16,9/22/09
2,Celina,Winscum,10/21/95,Female,615-445-4560,cwinscum1@ucoz.ru,29,78,150,A+,4/18/18,10/5/05
3,Ashil,Dorran,12/26/03,Female,210-559-1389,adorran2@yahoo.com,21,80,95,B-,4/28/00,7/16/20
4,Neala,Bernasek,6/23/06,Genderfluid,116-616-2490,nbernasek3@sbwire.com,19,78,76,B-,12/7/05,8/27/07
5,Doe,Ellerman,7/21/21,Female,284-811-9319,dellerman4@foxnews.com,4,39,23,O+,7/24/09,10/22/23
6,Janot,Gullyes,5/25/06,Female,801-772-9824,jgullyes5@technorati.com,19,80,66,O+,2/1/13,1/30/04
7,Trev,Grundwater,4/24/21,Male,967-821-6899,tgrundwater6@deviantart.com,4,31,22,A-,4/18/15,12/8/20
8,Gardener,Braga,9/7/05,Male,521-737-5411,gbraga7@canalblog.com,19,75,60,O-,10/27/17,4/26/11
9,Robenia,Maylin,4/2/72,Genderqueer,904-551-8267,rmaylin8@msu.edu,53,77,165,O-,4/12/20,7/16/17
10,D'arcy,Fisbey,9/15/71,Male,811-416-7270,dfisbey9@i2i.jp,53,76,181,AB+,4/29/01,9/15/22
11,Selinda,Zanetello,12/23/12,Female,425-291-2115,szanetelloa@bizjournals.com,12,72,54,AB-,3/8/02,9/25/13
12,Randal,Rugge,10/28/18,Male,997-376-6274,rruggeb@skyrock.com,6,28,37,AB+,7/13/11,4/9/04
13,Remus,Duly,1/4/97,Male,473-384-1456,rdulyc@amazon.co.jp,28,76,131,B-,5/3/02,10/26/01
14,Hillery,Kinson,4/25/14,Male,331-337-3679,hkinsond@tinypic.com,11,69,51,AB-,5/17/15,10/23/13
15,Daloris,Schapero,7/12/22,Female,916-771-4229,dschaperoe@dot.gov,3,34,33,AB-,8/17/19,12/26/17
16,Odille,Houtbie,5/21/71,Female,840-484-7748,ohoutbief@freewebs.com,54,80,150,O-,4/13/24,5/11/19
17,Vina,Tristram,11/19/85,Female,705-558-6807,vtristramg@sciencedirect.com,39,76,173,O+,6/22/21,6/20/08
18,Hedwiga,Cawthorne,11/20/15,Female,556-114-9043,hcawthorneh@desdev.cn,9,51,46,AB-,3/29/15,5/18/20
19,Hubie,Bristow,1/17/02,Non-binary,395-635-4643,hbristowi@youtube.com,23,78,109,AB+,4/28/14,6/12/24
20,Camille,Kleingrub,8/17/07,Female,368-230-7257,ckleingrubj@ucsd.edu,18,75,77,A+,11/21/24,8/18/22
21,Mahmoud,Kintzel,7/30/02,Male,660-136-8457,mkintzelk@wufoo.com,23,80,81,B-,12/19/04,6/1/17
22,Myrna,Kindleside,8/7/14,Female,212-204-2636,mkindlesidel@opensource.org,11,62,59,AB+,10/29/13,9/17/15
23,Isaiah,FitzAlan,1/9/22,Male,655-420-6036,ifitzalanm@about.me,3,36,39,A-,7/25/04,6/4/13
24,Derward,Kaindl,5/20/75,Male,320-793-1716,dkaindln@diigo.com,50,79,208,AB+,6/17/06,5/17/18
25,Rourke,Sancraft,6/30/89,Male,321-107-3148,rsancrafto@buzzfeed.com,36,78,185,O-,3/12/12,6/29/18
26,Tiphany,Troughton,6/1/15,Bigender,469-445-8122,ttroughtonp@uiuc.edu,10,48,42,O-,11/10/23,5/9/14
27,Auria,Margetts,5/31/16,Female,880-166-7442,amargettsq@google.co.uk,9,42,41,A-,5/7/21,1/15/10
28,Kandace,Till,3/23/21,Female,322-589-4655,ktillr@merriam-webster.com,4,35,36,A+,3/18/07,3/14/15
29,Lexine,Ravenshear,8/24/70,Female,978-789-1353,lravenshears@wp.com,55,77,175,O-,11/25/17,5/26/03
30,Annalee,Ciobutaru,3/5/74,Female,670-905-5142,aciobutarut@netscape.com,51,78,167,AB-,4/10/21,1/22/21
31,Kial,Stowte,10/15/75,Female,508-792-9226,kstowteu@jiathis.com,49,75,181,O+,3/28/09,9/5/06
32,Erasmus,Biasioni,7/23/14,Male,543-329-4434,ebiasioniv@icq.com,11,74,54,O+,6/21/00,4/19/04
33,Cyndia,Fellgatt,3/22/07,Female,167-922-9449,cfellgattw@va.gov,18,56,77,O+,7/3/24,10/4/19
34,Abdul,Degan,8/25/11,Male,423-565-3838,adeganx@pinterest.com,13,73,53,AB+,5/2/19,4/6/13
35,Bev,Kersaw,1/4/82,Female,648-920-7455,bkersawy@cafepress.com,43,76,186,A+,5/31/18,2/13/02
36,Marlo,Edgecumbe,1/30/99,Polygender,730-495-3351,medgecumbez@google.es,26,76,142,A+,1/3/20,11/3/06
37,Artair,Critoph,1/19/85,Male,983-306-6101,acritoph10@wordpress.org,40,75,203,A-,8/8/02,10/16/03
38,Gui,Mallinder,7/4/73,Female,735-264-0418,gmallinder11@engadget.com,52,76,179,AB+,10/28/03,1/31/21
39,Neill,Dwelly,8/17/08,Male,438-769-1598,ndwelly12@ovh.net,17,62,71,A-,9/28/22,6/14/15
40,Dorita,Sirman,12/2/84,Female,560-691-6477,dsirman13@nasa.gov,40,80,160,O+,11/9/24,8/26/12
41,Josefina,Sapsford,2/23/17,Female,584-121-0466,jsapsford14@microsoft.com,8,46,44,AB-,11/6/15,7/18/12
42,Jasmin,Dorrity,5/19/10,Female,450-709-5211,jdorrity15@weebly.com,15,73,51,O-,5/20/03,9/16/01
43,Jenine,Keenlyside,5/10/73,Female,993-592-0444,jkeenlyside16@discuz.net,52,76,172,B-,10/24/07,6/19/02
44,Val,Sponton,7/22/04,Female,236-669-3393,vsponton17@cmu.edu,21,80,96,B-,3/2/07,5/19/16
45,Cary,Starr,12/19/96,Male,360-456-1465,cstarr18@tamu.edu,28,79,140,A+,11/20/23,3/30/16
46,Wallache,Tilt,2/13/80,Non-binary,387-970-2577,wtilt19@unicef.org,45,77,186,A+,12/10/08,5/15/24
47,Karylin,Bazely,4/20/18,Female,958-875-7810,kbazely1a@behance.net,7,39,24,B-,9/23/16,6/30/15
48,Dante,Vant,6/7/78,Male,950-838-3685,dvant1b@timesonline.co.uk,47,76,185,AB-,11/12/00,9/5/01
49,Adham,Schurig,6/1/75,Bigender,421-798-4407,aschurig1c@lycos.com,50,77,198,A+,10/25/20,11/9/17
50,Vicky,Praundl,5/17/85,Female,767-508-5173,vpraundl1d@washington.edu,40,78,201,A+,9/11/21,10/9/06
51,Virgie,Cockshott,3/17/05,Male,847-922-9757,vcockshott1e@odnoklassniki.ru,20,77,61,AB-,6/16/19,9/7/04
52,Isidor,Eydel,12/5/72,Male,430-757-9094,ieydel1f@blog.com,52,78,196,B-,3/10/02,12/5/16
53,Leann,Lappin,5/31/20,Female,688-882-4822,llappin1g@hexun.com,5,29,35,B-,5/16/05,8/10/13
54,Gerrie,Glassup,12/28/14,Female,339-565-5803,gglassup1h@angelfire.com,10,53,49,A+,3/8/07,11/22/03
55,Rufe,Heifer,11/4/07,Male,290-148-3063,rheifer1i@geocities.com,17,60,70,A+,10/4/09,6/11/13
56,Melvyn,Merck,6/4/23,Male,572-613-5895,mmerck1j@xinhuanet.com,2,37,36,O+,12/1/06,8/14/06
57,Rurik,Goding,12/22/06,Male,814-120-1847,rgoding1k@java.com,18,73,71,AB-,10/18/13,5/28/20
58,Algernon,Pallatina,9/8/10,Male,818-331-1372,apallatina1l@ycombinator.com,14,75,53,O+,8/18/14,1/14/04
59,Brnaby,Maffia,3/13/11,Male,209-249-0262,bmaffia1m@pcworld.com,14,60,51,B-,12/1/06,4/30/21
60,Thebault,Ashtonhurst,5/27/92,Male,842-289-5218,tashtonhurst1n@telegraph.co.uk,33,80,173,B-,1/29/17,10/7/11
61,Winifield,Morey,3/18/98,Male,253-979-6390,wmorey1o@psu.edu,27,78,149,A+,6/17/07,10/7/21
62,Omar,Northwood,9/13/80,Male,979-572-6130,onorthwood1p@nih.gov,44,80,191,O+,6/11/18,12/27/16
63,Marney,Grosvener,12/10/97,Female,929-115-7521,mgrosvener1q@mlb.com,27,76,143,A-,10/11/00,3/22/06
64,Perri,Perfitt,1/17/77,Female,410-999-3922,pperfitt1r@accuweather.com,48,77,158,A-,6/24/13,2/11/05
65,Xerxes,Axell,12/21/11,Male,158-284-3310,xaxell1s@cocolog-nifty.com,13,56,50,O-,7/17/02,5/11/03
66,Albertina,Kivits,10/17/24,Female,925-952-4454,akivits1t@fotki.com,0,35,17,B-,6/21/20,10/11/08
67,Spike,Brandreth,1/20/24,Male,586-715-8038,sbrandreth1u@icq.com,1,32,29,O-,12/7/24,4/15/17
68,Dev,Gisborne,4/14/18,Genderfluid,733-194-9716,dgisborne1v@baidu.com,7,32,36,AB-,9/5/06,7/25/11
69,Shea,Partrick,4/20/01,Male,176-245-7428,spartrick1w@fc2.com,24,79,113,O+,5/8/22,12/19/12
70,Derwin,Vawton,11/16/18,Male,842-726-2563,dvawton1x@stumbleupon.com,6,39,30,A+,10/19/23,8/7/02
71,Leeanne,Wybrow,2/2/10,Female,258-738-3217,lwybrow1y@marriott.com,15,69,50,B-,8/30/22,12/30/22
72,Ase,Redwood,12/5/07,Male,403-533-4655,aredwood1z@nytimes.com,17,60,70,A+,3/3/12,8/20/07
73,Carlos,Andriuzzi,9/25/12,Male,960-370-7318,candriuzzi20@ibm.com,12,58,59,O-,5/24/10,3/29/21
74,Tabbie,Siuda,3/27/90,Female,762-415-5936,tsiuda21@nymag.com,35,75,209,O-,1/16/10,7/23/20
75,Arel,Agott,9/9/07,Male,734-735-8376,aagott22@goo.ne.jp,17,55,68,A-,10/23/13,5/7/18
76,Skyler,Aleksidze,12/14/73,Male,943-648-7954,saleksidze23@furl.net,51,80,199,A-,12/29/11,1/19/04
77,Jessalin,Moodie,2/14/78,Female,864-888-9594,jmoodie24@yolasite.com,47,75,172,AB-,6/26/21,6/11/20
78,Ware,Pyper,7/1/18,Male,668-472-4167,wpyper25@utexas.edu,7,35,32,AB+,5/25/06,11/6/05
79,Lilias,Convery,12/2/21,Female,386-532-4896,lconvery26@chicagotribune.com,3,29,13,B-,1/6/02,9/15/15
80,Merrili,Durant,6/22/20,Female,899-563-7417,mdurant27@upenn.edu,5,35,17,O-,7/20/22,10/26/07
81,Reinaldos,Oattes,4/19/14,Male,894-447-2130,roattes28@tinyurl.com,11,69,50,O+,6/30/15,3/9/01
82,Fergus,Yetton,8/16/23,Male,785-461-5372,fyetton29@simplemachines.org,2,39,26,AB-,4/1/24,7/23/16
83,Gabbie,Wackley,8/27/08,Non-binary,642-847-2630,gwackley2a@artisteer.com,16,71,61,AB+,7/27/11,4/14/11
84,Hedi,O'Glassane,9/15/12,Female,144-566-9625,hoglassane2b@mediafire.com,12,64,55,A+,3/19/10,7/16/05
85,Kathlin,Gorring,12/26/96,Female,774-399-9727,kgorring2c@cnbc.com,28,78,132,B-,8/14/05,6/23/16
86,Donny,Donald,8/26/80,Female,702-387-7391,ddonald2d@freewebs.com,45,78,187,AB-,3/8/17,10/21/23
87,Almeria,Defond,8/9/84,Bigender,678-797-6707,adefond2e@ca.gov,41,79,173,AB+,8/23/14,6/20/00
88,Tatiana,Walsom,6/29/09,Female,535-601-3723,twalsom2f@state.tx.us,16,75,61,A+,3/23/14,9/27/09
89,Desirae,Darmody,2/4/87,Non-binary,343-676-6839,ddarmody2g@businessinsider.com,38,77,189,A-,9/5/10,9/23/02
90,Emma,Allsep,5/10/96,Female,795-703-4520,eallsep2h@narod.ru,29,76,132,AB-,12/19/12,5/11/21
91,Berkly,Borthe,3/5/95,Male,502-596-8118,bborthe2i@artisteer.com,30,78,139,AB-,10/28/18,9/8/14
92,Lindi,Saffran,7/15/03,Female,534-258-3374,lsaffran2j@ustream.tv,22,76,87,O-,8/6/00,11/2/06
93,Sonni,Tukesby,5/15/73,Female,157-121-2139,stukesby2k@cnet.com,52,77,204,A-,5/26/21,4/8/15
94,Martina,Meran,11/25/02,Female,118-432-5178,mmeran2l@abc.net.au,22,80,109,B-,10/20/17,2/6/25
95,Augie,Good,2/11/12,Male,754-207-9369,agood2m@smh.com.au,13,55,54,AB+,6/15/16,7/10/14
96,Bale,Damper,4/25/88,Male,960-570-8532,bdamper2n@sbwire.com,37,75,200,A+,11/16/24,12/20/22
97,Jobye,Trinke,12/28/79,Female,456-393-1381,jtrinke2o@google.ru,45,79,175,AB-,10/4/03,3/12/15
98,Mead,Guido,12/8/08,Male,903-154-3692,mguido2p@nsw.gov.au,16,67,65,B-,10/13/18,6/22/01
99,Wilhelm,Kadd,9/26/17,Male,587-610-3386,wkadd2q@imgur.com,7,26,35,O+,7/2/08,12/28/11
100,Marv,Marcam,3/16/75,Male,462-707-0126,mmarcam2r@issuu.com,50,76,181,A+,9/10/07,9/3/05
101,Rosabella,Ruperto,6/19/73,Genderfluid,744-634-0022,rruperto2s@shop-pro.jp,52,78,187,A-,8/11/09,10/17/22
102,Ev,Plum,5/28/70,Male,314-604-9268,eplum2t@chron.com,55,77,153,AB+,7/22/09,10/28/09
103,Emelita,Deely,3/21/16,Female,402-593-6206,edeely2u@narod.ru,9,51,42,B-,3/22/24,2/8/24
104,Bernarr,Lloyds,9/6/92,Male,179-758-4088,blloyds2v@baidu.com,32,75,207,AB-,9/9/24,8/12/17
105,Jecho,Simoneschi,12/12/75,Male,752-811-0646,jsimoneschi2w@163.com,49,78,176,B-,11/16/00,10/12/05
106,Suzette,Trewhela,8/19/99,Female,353-876-9305,strewhela2x@t-online.de,26,79,130,A-,7/30/13,1/24/07
107,Tymothy,Mitchel,10/10/23,Male,989-256-2563,tmitchel2y@cargocollective.com,1,28,10,O-,8/30/09,4/28/09
108,Wayne,Whitcombe,12/17/08,Male,470-944-3280,wwhitcombe2z@e-recht24.de,16,65,72,O-,5/13/16,7/21/07
109,Davina,Glastonbury,5/12/03,Female,192-409-0297,dglastonbury30@elpais.com,22,79,115,A+,10/24/04,7/5/15
110,Hollis,Rathe,11/5/77,Male,170-254-9184,hrathe31@npr.org,47,80,175,O-,9/26/16,7/17/12
111,Kitti,Skellion,2/3/98,Female,356-451-2975,kskellion32@hp.com,27,80,147,A+,11/21/03,4/12/11
112,Merci,Wrightam,5/17/93,Female,323-523-8674,mwrightam33@sfgate.com,32,78,162,AB-,5/31/24,7/13/13
113,Jilly,Euplate,1/5/88,Female,121-475-4852,jeuplate34@uol.com.br,37,76,183,AB+,10/21/15,9/28/21
114,Ardyce,Premble,8/17/23,Genderqueer,807-582-9723,apremble35@nhs.uk,2,29,33,AB-,12/6/24,4/1/03
115,Tiebold,Fehners,7/15/23,Male,516-946-6945,tfehners36@google.it,2,38,10,A+,4/7/22,2/28/14
116,Caresse,Tatum,12/1/86,Female,382-542-3720,ctatum37@paginegialle.it,38,80,175,AB+,9/15/18,6/15/04
117,Xylia,Diemer,9/9/12,Female,253-456-9011,xdiemer38@huffingtonpost.com,12,59,60,A-,2/20/00,2/26/08
118,Boyd,Bewshaw,2/3/91,Male,802-824-8053,bbewshaw39@cafepress.com,34,76,167,A+,1/13/13,5/23/09
119,Gabby,Piggot,4/10/73,Polygender,498-468-4348,gpiggot3a@princeton.edu,52,78,208,B-,9/23/01,1/22/07
120,Bernelle,Mattheeuw,5/28/94,Female,760-509-6140,bmattheeuw3b@reddit.com,31,75,208,B-,9/14/04,11/22/24
121,Dianna,Blackesland,6/22/99,Female,787-921-9246,dblackesland3c@nih.gov,26,78,139,A-,4/17/06,10/18/18
122,Dal,Rappoport,2/24/83,Male,486-678-4321,drappoport3d@scribd.com,42,80,186,O+,4/4/09,4/7/22
123,Aida,Tomasian,9/5/73,Female,183-743-8506,atomasian3e@yolasite.com,51,79,198,AB-,11/19/00,10/23/10
124,Bard,Brevetor,2/27/86,Male,202-481-0226,bbrevetor3f@tripadvisor.com,39,79,165,O-,12/10/06,7/5/24
125,Melina,Trotter,1/7/14,Female,766-979-5536,mtrotter3g@mashable.com,11,57,59,O+,8/20/05,2/20/14
126,Darb,Harback,2/24/78,Female,640-984-6506,dharback3h@tmall.com,47,80,158,A+,5/26/08,10/20/06
127,Colline,Carine,7/27/04,Female,302-680-7896,ccarine3i@ca.gov,21,78,120,O+,5/17/18,11/30/01
128,Christoph,McLae,10/4/13,Male,985-386-9459,cmclae3j@noaa.gov,11,61,52,A-,2/21/12,4/15/11
129,Brigg,Wickenden,11/18/98,Male,736-138-5962,bwickenden3k@google.it,26,77,144,AB-,3/20/08,1/17/21
130,Torie,Daw,5/3/24,Female,572-633-0255,tdaw3l@google.nl,1,25,27,O+,7/27/16,10/4/22
131,Benito,Norwich,4/22/76,Male,660-126-1384,bnorwich3m@reverbnation.com,49,76,190,B-,9/29/20,1/22/08
132,Anabel,Del Checolo,3/2/23,Female,670-211-6473,adelchecolo3n@bloglovin.com,2,29,30,O-,8/10/10,12/26/00
133,Orlando,Arlidge,8/30/96,Male,457-135-3787,oarlidge3o@instagram.com,28,79,141,AB-,8/6/00,10/29/14
134,Bronson,MacBrearty,1/23/83,Male,817-294-9655,bmacbrearty3p@merriam-webster.com,42,79,190,O-,10/13/11,1/31/04
135,Brandon,Von Welldun,2/16/16,Male,792-624-8966,bvonwelldun3q@odnoklassniki.ru,9,53,46,O-,8/1/02,10/5/23
136,Ardella,Diggins,10/6/24,Female,942-808-4891,adiggins3r@unesco.org,0,25,7,A-,3/19/20,3/12/06
137,Mariana,Silcox,8/9/88,Female,517-641-0975,msilcox3s@altervista.org,37,79,207,AB-,7/26/11,9/12/23
138,Humfrey,Winterscale,2/17/80,Male,240-573-6900,hwinterscale3t@utexas.edu,45,75,190,AB-,1/4/09,6/22/22
139,Corliss,Heiner,8/2/96,Female,750-544-8884,cheiner3u@imdb.com,29,76,142,O+,1/15/10,9/2/21
140,Hali,Cod,4/29/21,Female,102-608-0374,hcod3v@macromedia.com,4,26,27,O+,1/24/09,4/15/11
141,Benito,Faldo,10/8/17,Male,256-674-6492,bfaldo3w@ifeng.com,7,25,22,A-,4/6/10,7/28/06
142,Abigail,Silbert,1/11/90,Female,319-228-9528,asilbert3x@earthlink.net,35,80,183,O+,2/11/20,2/26/15
143,Arny,McKimm,4/27/02,Male,699-764-4246,amckimm3y@howstuffworks.com,23,76,116,AB-,5/23/14,9/5/14
144,Tobit,Sher,3/16/70,Male,671-909-4358,tsher3z@bloglines.com,55,79,189,O+,6/12/02,5/11/16
145,Arvy,Lambourn,3/27/72,Male,446-943-5537,alambourn40@columbia.edu,53,79,172,A+,12/21/03,1/6/02
146,Tierney,Skill,6/30/00,Female,228-954-7221,tskill41@nymag.com,25,77,124,AB-,7/24/14,6/15/20
147,Allys,Fransewich,7/4/11,Female,519-622-5257,afransewich42@sfgate.com,14,58,57,A-,1/18/20,7/4/10
148,Pierrette,Bowdery,7/30/76,Female,946-105-0557,pbowdery43@nifty.com,49,78,163,B-,6/21/21,10/15/24
149,Irv,Duffett,10/15/07,Male,474-607-8098,iduffett44@cdc.gov,17,69,63,O-,4/25/17,10/3/03
150,Emera,Kissick,12/28/01,Female,942-348-7170,ekissick45@nyu.edu,23,78,121,O+,9/5/14,1/25/16
151,Rita,Lanfear,11/5/16,Female,677-491-3204,rlanfear46@ca.gov,8,42,49,A+,10/28/14,6/18/16
152,Dalton,Blazdell,3/26/24,Male,784-444-4638,dblazdell47@g.co,1,40,39,A-,12/29/03,2/18/13
153,Marin,Serrier,2/28/01,Genderfluid,512-921-3911,mserrier48@who.int,24,78,98,AB-,7/21/00,5/3/21
154,Cully,Chaffer,3/31/11,Male,547-845-0881,cchaffer49@alibaba.com,14,59,53,O-,7/16/10,8/7/18
155,Madelle,Inde,4/9/71,Female,393-249-6713,minde4a@springer.com,54,76,210,O-,10/22/00,6/17/16
156,Boigie,Lighterness,6/13/86,Male,500-396-5875,blighterness4b@ehow.com,39,76,189,A+,4/7/11,4/23/13
157,Nathalia,Sancroft,6/20/74,Female,292-697-3795,nsancroft4c@house.gov,51,78,175,A-,4/12/10,9/19/13
158,Ryley,Geikie,12/23/00,Male,608-369-2947,rgeikie4d@tamu.edu,24,77,125,A-,3/8/04,10/2/02
159,Barnabe,Titterrell,4/4/71,Male,221-223-0750,btitterrell4e@vk.com,54,77,195,O+,6/14/16,1/10/25
160,Edvard,Jerwood,8/23/92,Male,410-769-3581,ejerwood4f@dot.gov,33,79,164,A+,5/9/12,10/7/17
161,Shaun,Friedank,7/6/12,Bigender,398-386-6614,sfriedank4g@columbia.edu,13,59,59,AB-,5/23/18,9/7/14
162,Kippie,Skinn,1/30/83,Female,559-115-7094,kskinn4h@yahoo.com,42,79,163,A-,4/15/04,11/22/23
163,Arlina,Mettericke,10/9/97,Non-binary,155-282-1113,amettericke4i@spotify.com,27,78,131,AB+,8/4/17,9/7/22
164,Skip,Chapiro,9/2/90,Male,528-286-1145,schapiro4j@simplemachines.org,34,80,195,AB+,5/6/11,1/8/24
165,Ax,Laundon,9/18/71,Male,744-586-9388,alaundon4k@home.pl,53,79,194,B-,4/1/19,2/13/16
166,Anthiathia,Valiant,9/13/77,Female,558-578-1070,avaliant4l@hostgator.com,47,78,191,AB-,8/2/14,8/24/02
167,Trevor,Diboll,1/28/83,Male,933-232-0925,tdiboll4m@msn.com,42,80,205,A+,12/9/19,6/6/14
168,Antonella,McGrory,9/21/06,Female,146-358-6696,amcgrory4n@soundcloud.com,18,61,65,A+,11/14/24,12/30/16
169,Paolo,MacLeod,4/17/21,Male,316-597-0515,pmacleod4o@hhs.gov,4,33,14,B-,8/27/17,6/4/14
170,Romy,Potticary,6/16/01,Female,785-542-7990,rpotticary4p@networkadvertising.org,24,80,110,A-,9/12/08,11/20/12
171,Stefan,Lewin,6/29/91,Male,306-208-0301,slewin4q@wikia.com,34,80,202,A-,5/11/14,4/15/05
172,Christian,Saffle,9/14/87,Female,312-672-7512,csaffle4r@spiegel.de,37,78,190,AB+,5/3/08,4/25/21
173,Marielle,Bonellie,10/18/90,Female,761-213-8816,mbonellie4s@cafepress.com,34,75,156,A-,7/3/13,4/12/21
174,Gerry,Rugiero,1/24/12,Male,197-104-4840,grugiero4t@chron.com,13,55,57,A+,10/30/01,7/6/24
175,Lotte,Benzing,3/10/04,Female,373-590-8390,lbenzing4u@instagram.com,21,80,128,O+,2/21/16,8/24/12
176,Lonni,Willman,11/20/15,Female,467-989-6525,lwillman4v@google.ru,9,41,41,A-,4/21/06,4/29/14
177,Eran,Varlow,7/19/19,Female,836-523-7052,evarlow4w@exblog.jp,6,27,36,O-,1/2/22,3/19/17
178,Cyril,Revance,11/23/05,Male,575-136-7221,crevance4x@hc360.com,19,78,70,AB-,8/22/09,3/19/15
179,Alonzo,Nelthorpe,4/28/93,Male,442-718-4318,anelthorpe4y@upenn.edu,32,77,210,O-,5/24/08,6/19/10
180,Thomasina,Childrens,10/18/23,Female,630-702-3571,tchildrens4z@vistaprint.com,1,25,32,O+,8/25/09,9/6/22
181,Gabriel,Gorgler,11/13/13,Male,667-312-6915,ggorgler50@wix.com,11,71,55,AB+,7/29/13,7/24/04
182,Erl,Kesterton,6/7/02,Male,255-757-8679,ekesterton51@ucla.edu,23,75,107,O+,6/24/17,5/9/01
183,Carolynn,Bewsy,7/3/17,Female,722-522-1708,cbewsy52@harvard.edu,8,43,40,A+,3/22/09,5/23/05
184,Beverlee,Sutton,10/14/12,Female,541-294-4076,bsutton53@youtube.com,12,63,51,A-,1/12/08,7/18/00
185,Hyacinthe,Rosenfield,4/8/87,Female,808-839-4006,hrosenfield54@constantcontact.com,38,78,208,B-,10/6/06,8/11/12
186,Tull,Biskupiak,8/5/84,Male,947-473-6957,tbiskupiak55@posterous.com,41,77,195,A-,11/18/18,4/30/01
187,Bealle,Hamilton,1/26/01,Male,584-605-7039,bhamilton56@independent.co.uk,24,77,110,A+,9/26/14,10/7/13
188,Junina,Fendley,4/26/07,Female,867-965-4630,jfendley57@jimdo.com,18,74,70,A-,6/24/18,9/16/17
189,Gabey,Kleinert,10/17/76,Female,255-690-3203,gkleinert58@plala.or.jp,48,76,160,AB-,9/4/03,7/15/04
190,Cindie,Greenhill,12/11/84,Female,622-944-7140,cgreenhill59@ihg.com,40,79,158,AB-,9/9/22,11/20/21
191,Noel,Bennison,1/12/97,Male,819-514-4308,nbennison5a@shutterfly.com,28,78,147,A+,10/29/02,5/4/11
192,Thane,Feehely,11/5/11,Male,236-928-3395,tfeehely5b@joomla.org,13,59,53,A+,11/10/11,5/30/06
193,Rolando,Bagshaw,11/2/70,Male,644-910-1270,rbagshaw5c@spotify.com,54,77,209,O-,6/26/08,11/13/23
194,Alain,Schuck,8/10/80,Male,318-778-1975,aschuck5d@themeforest.net,45,80,182,O+,8/27/13,9/17/01
195,Stuart,Kupke,5/21/99,Male,314-552-1941,skupke5e@thetimes.co.uk,26,78,132,O+,6/17/04,11/24/04
196,Carine,O' Markey,1/20/81,Female,231-252-4533,comarkey5f@miitbeian.gov.cn,44,75,175,O-,1/11/15,3/28/21
197,Katleen,Redmile,11/12/02,Female,816-422-8159,kredmile5g@wiley.com,22,79,115,B-,7/23/19,8/11/09
198,Herc,Steuart,7/27/18,Male,528-404-5045,hsteuart5h@about.me,7,25,14,A+,6/26/22,1/22/20
199,Willey,Fice,4/15/94,Male,155-839-2531,wfice5i@last.fm,31,80,164,O-,8/20/15,5/6/17
200,Dina,Mennear,6/19/00,Polygender,973-618-7933,dmennear5j@pbs.org,25,78,82,B-,2/11/04,9/26/03
201,Willdon,Zuan,9/17/16,Male,814-613-0691,wzuan5k@go.com,8,41,48,B-,1/23/14,11/25/13
202,Louisette,Dallinder,6/11/22,Bigender,177-943-7714,ldallinder5l@google.com.au,3,30,9,O-,2/9/22,9/25/15
203,Kerk,Loachhead,1/9/09,Male,752-871-2260,kloachhead5m@ifeng.com,16,71,60,AB-,9/2/20,7/7/23
204,Isac,Spataro,9/4/05,Male,469-897-4073,ispataro5n@abc.net.au,19,75,75,A+,7/24/14,6/18/20
205,Esme,Farlam,2/16/11,Male,649-829-7472,efarlam5o@ehow.com,14,69,60,A-,6/30/18,11/19/16
206,Dinny,Lemmon,7/15/12,Female,291-864-5027,dlemmon5p@nature.com,13,59,59,AB+,1/19/22,2/16/21
207,Davide,Kibble,9/13/23,Male,615-281-1906,dkibble5q@amazon.co.jp,1,29,23,AB+,4/5/05,3/24/17
208,Drucy,Beelby,1/27/13,Female,217-917-7069,dbeelby5r@archive.org,12,55,53,AB+,5/16/00,6/3/13
209,June,Longford,5/12/94,Female,982-835-2103,jlongford5s@webeden.co.uk,31,75,167,O-,9/28/04,7/22/14
210,Leonard,Durbyn,4/3/10,Male,786-197-1567,ldurbyn5t@typepad.com,15,64,59,AB+,7/13/00,7/31/01
211,Gard,Duran,5/26/82,Male,390-636-7996,gduran5u@technorati.com,43,76,171,A-,5/10/03,3/7/24
212,Hobard,Goatcher,7/23/18,Male,251-825-0945,hgoatcher5v@ca.gov,7,35,20,AB-,7/16/09,5/12/04
213,Harriot,Satterly,6/24/19,Agender,549-891-2515,hsatterly5w@flavors.me,6,26,28,AB+,5/24/04,11/2/18
214,Halette,Heaney,2/29/76,Female,671-833-7137,hheaney5x@networksolutions.com,49,76,165,O-,9/6/01,1/2/08
215,Kinna,Franks,3/7/07,Female,965-251-2333,kfranks5y@biblegateway.com,18,64,76,O-,2/16/16,2/23/18
216,Kailey,Veschi,9/17/04,Female,820-895-5884,kveschi5z@ca.gov,20,80,80,AB-,5/8/04,8/10/10
217,Phaedra,Gocher,7/9/90,Female,943-714-8265,pgocher60@deviantart.com,35,79,193,B-,8/30/05,10/6/22
218,Kirk,Bouchard,5/14/90,Male,598-543-6113,kbouchard61@netscape.com,35,77,202,A+,10/14/16,2/1/03
219,Marguerite,Cracoe,6/17/05,Female,915-642-8365,mcracoe62@paginegialle.it,20,79,74,O-,7/16/08,12/3/22
220,Tanney,Cathenod,6/22/82,Non-binary,637-920-4871,tcathenod63@miibeian.gov.cn,43,79,193,AB-,5/23/07,1/3/08
221,Melba,Spadollini,8/9/24,Female,150-478-0803,mspadollini64@cnn.com,1,29,7,O-,7/30/01,3/18/03
222,Cesaro,Ubsdale,8/6/09,Male,912-573-7967,cubsdale65@geocities.jp,16,66,78,AB-,1/1/06,10/1/18
223,Klement,Demaine,6/12/24,Genderqueer,411-841-7607,kdemaine66@slate.com,1,39,15,O-,4/24/00,9/6/07
224,Maddi,Sives,10/31/01,Female,472-797-7654,msives67@nytimes.com,23,78,80,A+,1/23/23,5/21/06
225,Kaylyn,Carress,9/15/84,Female,941-192-2394,kcarress68@earthlink.net,40,77,154,A+,5/28/12,12/13/05
226,Ramsay,Wackett,11/14/11,Male,579-737-4764,rwackett69@elpais.com,13,63,50,AB+,4/13/02,5/5/07
227,Glynis,Hallet,7/28/71,Female,507-402-2139,ghallet6a@paypal.com,54,77,186,O+,1/15/03,4/6/03
228,Adaline,Strickett,6/16/01,Female,422-963-0149,astrickett6b@hhs.gov,24,75,128,AB-,8/10/15,10/29/13
229,Doralia,Muzzi,12/18/04,Female,454-865-1894,dmuzzi6c@i2i.jp,20,75,78,O-,3/9/03,2/10/17
230,Natividad,Linn,4/18/09,Genderqueer,354-411-0109,nlinn6d@bing.com,16,73,62,A+,8/31/04,4/9/02
231,Steffen,Shrimpling,1/21/79,Male,339-179-8342,sshrimpling6e@ebay.com,46,78,163,AB+,8/30/05,10/29/22
232,Stewart,Frift,12/9/07,Male,682-617-2574,sfrift6f@yandex.ru,17,69,80,B-,2/12/02,3/1/03
233,Kit,Arondel,8/5/20,Genderfluid,821-367-8057,karondel6g@google.de,5,35,30,O+,6/1/20,8/24/09
234,Emera,Cassels,2/22/70,Female,213-529-2267,ecassels6h@hc360.com,55,75,171,O-,12/18/23,8/5/07
235,Budd,Bulfoot,6/27/71,Male,518-321-0804,bbulfoot6i@eventbrite.com,54,77,209,A-,8/27/15,12/21/13
236,Datha,Hadden,2/26/72,Female,308-478-7185,dhadden6j@qq.com,53,77,155,O+,4/2/21,7/9/16
237,Osbourn,Cohan,7/29/73,Male,776-898-7363,ocohan6k@g.co,52,80,199,A+,11/2/07,10/2/05
238,Jimmie,Beetham,12/7/98,Male,636-201-7405,jbeetham6l@reference.com,26,75,136,O-,7/21/09,9/12/07
239,Regen,Duval,9/15/86,Male,244-623-9284,rduval6m@php.net,38,79,157,B-,9/12/14,5/8/15
240,Alina,Danev,3/15/20,Female,257-813-5584,adanev6n@parallels.com,5,32,18,O-,10/11/03,6/19/22
241,Norah,Bernardelli,1/21/83,Female,944-504-8337,nbernardelli6o@icio.us,42,75,154,A+,10/8/07,8/8/14
242,Regan,Rumsey,10/10/00,Female,854-769-9955,rrumsey6p@vimeo.com,24,75,113,A-,5/8/17,6/28/14
243,Ashley,Mayberry,5/16/17,Female,294-177-3594,amayberry6q@newsvine.com,8,50,46,A+,4/24/03,3/17/07
244,Niko,Tutchings,8/29/93,Male,940-444-8051,ntutchings6r@nyu.edu,31,79,206,B-,9/28/19,1/29/03
245,Bess,Kemble,8/8/95,Female,189-465-2028,bkemble6s@sun.com,30,79,148,O-,8/27/08,5/2/17
246,Liane,Kingswood,4/15/74,Female,660-439-1349,lkingswood6t@amazon.com,51,77,202,A-,8/27/00,9/16/00
247,Lonna,Bedborough,3/4/16,Female,992-143-9357,lbedborough6u@accuweather.com,9,48,44,O+,8/26/17,10/8/10
248,Orella,Perrycost,9/16/92,Female,696-877-0462,operrycost6v@4shared.com,32,77,183,O+,6/12/09,1/4/14
249,Rose,Crackett,3/28/86,Female,827-793-6545,rcrackett6w@meetup.com,39,79,154,O+,7/12/10,4/18/19
250,Dennet,Ashlee,8/6/72,Male,264-608-9156,dashlee6x@ask.com,53,78,205,O-,12/11/14,1/6/06
251,Dickie,Healing,5/13/82,Male,857-924-9114,dhealing6y@cbslocal.com,43,75,199,B-,12/4/15,3/3/13
252,Gilbertina,Muglestone,3/30/21,Female,404-531-9368,gmuglestone6z@prnewswire.com,4,27,24,A-,1/16/12,1/9/20
253,Zsazsa,Rigate,8/30/97,Agender,366-323-1597,zrigate70@census.gov,27,80,141,B-,7/29/21,3/17/16
254,Bordie,Reimer,11/14/78,Male,277-392-4510,breimer71@irs.gov,46,76,151,AB+,1/4/02,6/14/00
255,Vivie,Ninotti,6/12/85,Female,694-954-0622,vninotti72@nsw.gov.au,40,75,181,A-,12/9/08,8/6/04
256,Sasha,Marfe,12/12/93,Male,851-414-2465,smarfe73@posterous.com,31,77,189,B-,3/25/00,2/24/24
257,Ramonda,Kimbrough,5/16/99,Female,260-646-7971,rkimbrough74@chron.com,26,75,133,A-,3/22/04,9/12/02
258,Jeremias,Stobbs,11/26/93,Male,529-214-1548,jstobbs75@hibu.com,31,80,195,O+,4/8/23,6/9/00
259,Nathanial,Slowgrove,12/14/95,Male,314-366-9153,nslowgrove76@fotki.com,29,78,130,A+,3/4/21,4/29/06
260,Tatiana,Grinnell,4/10/87,Female,346-914-9702,tgrinnell77@mapquest.com,38,75,180,O+,6/21/02,4/14/06
261,Helenelizabeth,Montilla,10/20/74,Female,213-167-8195,hmontilla78@usgs.gov,50,80,152,O+,3/7/00,2/19/05
262,Prentiss,Harcourt,10/7/14,Male,213-954-1128,pharcourt79@nature.com,10,51,45,A+,2/7/12,12/26/01
263,Raymund,Olle,1/3/89,Non-binary,245-370-3764,rolle7a@ehow.com,36,76,198,A-,2/23/22,12/12/19
264,Noelle,Larchier,12/4/79,Female,499-222-6013,nlarchier7b@scientificamerican.com,45,80,154,B-,9/19/01,10/11/00
265,Nikki,Flag,7/30/88,Male,814-250-7462,nflag7c@naver.com,37,75,175,A-,6/23/06,5/15/12
266,Idette,Winsome,5/19/91,Genderfluid,782-946-1386,iwinsome7d@mysql.com,34,78,194,AB-,6/1/21,1/21/14
267,Darrelle,Pimme,6/29/99,Female,222-630-3211,dpimme7e@mtv.com,26,79,142,B-,5/22/07,4/1/06
268,Emilio,Cullum,8/26/83,Agender,945-791-2731,ecullum7f@ow.ly,42,76,210,O+,9/30/23,3/14/18
269,Charline,Dyment,8/5/24,Female,445-858-8690,cdyment7g@macromedia.com,1,29,17,O+,5/23/07,3/2/19
270,Gram,Chatelain,8/27/07,Male,800-233-0935,gchatelain7h@shutterfly.com,17,61,74,AB+,2/12/10,12/25/19
271,Neddie,Bixley,9/11/21,Male,388-615-5800,nbixley7i@altervista.org,3,32,22,O+,9/24/24,2/15/05
272,Perla,Sharpley,9/23/75,Female,100-299-6340,psharpley7j@oakley.com,49,78,188,O+,3/20/14,6/24/23
273,Chaddie,Furtado,1/31/05,Male,913-666-1353,cfurtado7k@weibo.com,20,75,62,A-,9/18/04,4/19/09
274,Vergil,Melesk,10/2/06,Male,223-837-8074,vmelesk7l@gravatar.com,18,75,76,AB-,2/24/20,5/11/18
275,Waite,Dykas,3/21/10,Male,568-972-1777,wdykas7m@tuttocitta.it,15,72,57,A+,5/24/00,7/29/16
276,Cesaro,Arnull,6/22/91,Male,105-190-2656,carnull7n@dailymotion.com,34,79,165,A-,5/5/03,8/7/07
277,Andrej,Dalwood,12/14/10,Male,901-364-9776,adalwood7o@cam.ac.uk,14,71,53,AB+,5/12/10,1/9/13
278,Roma,Skullet,1/3/83,Male,966-229-9079,rskullet7p@angelfire.com,42,76,186,A+,8/28/19,5/12/19
279,Nicolea,Wilcocks,8/4/81,Agender,817-585-8134,nwilcocks7q@blog.com,44,75,202,O+,6/26/04,3/12/24
280,Shara,Matiewe,3/21/98,Female,701-476-2542,smatiewe7r@biglobe.ne.jp,27,76,132,A+,7/30/05,11/6/20
281,Isidor,Egan,5/6/22,Male,997-268-7473,iegan7s@mtv.com,3,39,34,O+,6/26/01,11/7/16
282,Elsa,Hemms,5/9/87,Female,812-513-9229,ehemms7t@imageshack.us,38,75,203,O+,6/5/14,9/29/18
283,Norma,Kleinsmuntz,8/9/03,Female,422-709-9890,nkleinsmuntz7u@privacy.gov.au,22,80,110,B-,10/23/04,1/15/03
284,Allie,Lusgdin,5/19/15,Male,100-159-4110,alusgdin7v@alexa.com,10,49,46,A-,1/31/12,3/21/05
285,Fanchon,Carverhill,11/29/71,Female,775-685-1427,fcarverhill7w@dmoz.org,53,79,162,AB-,8/13/01,6/6/03
286,Gerda,Bumpass,6/2/12,Female,977-688-0289,gbumpass7x@nbcnews.com,13,70,56,B-,2/25/19,5/18/10
287,Casper,Iddins,12/6/11,Male,472-197-9747,ciddins7y@china.com.cn,13,63,50,AB-,2/28/21,7/24/18
288,Tyrus,Paulton,8/22/80,Male,541-512-7334,tpaulton7z@simplemachines.org,45,76,176,O+,8/9/15,7/18/19
289,Barron,Meeke,8/29/87,Male,245-211-1103,bmeeke80@joomla.org,37,75,182,O+,1/10/03,2/25/02
290,Gwen,Rosensaft,10/13/06,Female,918-822-7753,grosensaft81@utexas.edu,18,58,60,O-,12/12/11,11/24/11
291,Emanuele,Tetley,4/2/08,Non-binary,616-720-1756,etetley82@omniture.com,17,69,61,A+,12/17/10,12/28/16
292,Batholomew,Damato,4/11/70,Agender,405-816-7469,bdamato83@purevolume.com,55,78,206,O-,7/1/23,10/15/23
293,Eyde,Betjes,9/12/93,Female,739-172-3192,ebetjes84@hp.com,31,76,162,A-,4/17/14,8/2/07
294,Daryl,Lettley,5/26/01,Female,698-941-4954,dlettley85@hostgator.com,24,80,96,O-,12/10/19,2/12/23
295,Yulma,Delagua,5/16/19,Male,338-901-2456,ydelagua86@digg.com,6,38,35,B-,2/3/25,2/5/24
296,Merilee,Maddinon,4/1/90,Female,338-681-8449,mmaddinon87@virginia.edu,35,78,161,AB+,7/7/00,9/30/20
297,Gilbertina,Streatfeild,5/7/76,Female,426-113-7859,gstreatfeild88@infoseek.co.jp,49,76,178,AB-,9/12/21,4/3/22
298,Arch,Shepstone,8/6/70,Male,628-957-5153,ashepstone89@pcworld.com,55,79,150,A-,12/15/07,2/2/13
299,Babette,Kiehl,5/17/73,Female,172-260-7916,bkiehl8a@google.co.jp,52,76,172,B-,5/24/04,4/1/02
300,Sasha,Begley,9/18/79,Genderfluid,236-221-0128,sbegley8b@google.cn,45,75,188,A-,1/18/20,5/13/12
301,Shel,Van den Oord,6/3/19,Female,587-769-2505,svandenoord8c@gmpg.org,6,29,33,A-,6/29/04,10/22/12
302,Juliann,Kahan,8/20/79,Female,609-174-1691,jkahan8d@pbs.org,46,78,179,AB-,5/3/05,4/25/02
303,Brina,Kissock,7/4/91,Female,513-596-7113,bkissock8e@yolasite.com,34,78,167,A+,6/23/21,5/10/11
304,Lemar,Mensler,5/31/77,Male,880-910-9997,lmensler8f@linkedin.com,48,79,178,AB+,2/23/12,1/30/05
305,Renate,Taggert,9/25/01,Female,856-460-5772,rtaggert8g@furl.net,23,77,93,AB-,9/4/13,7/8/19
306,Godiva,Burde,1/1/01,Female,937-787-7622,gburde8h@google.com,24,80,114,AB+,8/26/04,4/10/21
307,Caril,Nusche,7/17/01,Female,776-407-4936,cnusche8i@usgs.gov,24,75,80,AB+,9/3/17,10/13/19
308,Homerus,Barley,1/6/86,Male,123-111-9846,hbarley8j@time.com,39,77,152,B-,3/30/17,1/8/09
309,Sada,Scholar,2/15/10,Female,508-195-8073,sscholar8k@feedburner.com,15,73,50,B-,2/3/10,7/23/09
310,Matthaeus,Brotheridge,7/28/14,Male,964-845-7799,mbrotheridge8l@sitemeter.com,11,74,53,A+,10/10/24,2/22/08
311,Winslow,Glaister,11/2/73,Male,128-913-3005,wglaister8m@umich.edu,51,75,178,AB-,2/4/05,2/13/09
312,Amberly,Benoiton,1/31/88,Female,436-903-5946,abenoiton8n@rediff.com,37,77,204,O-,4/9/07,5/15/22
313,Blanche,Casely,3/4/00,Female,988-702-3797,bcasely8o@bloglines.com,25,75,80,AB-,1/14/07,2/7/19
314,Kristoforo,Orgel,6/4/17,Agender,179-989-3155,korgel8p@army.mil,8,50,46,A-,3/27/19,11/12/17
315,Baryram,Strong,9/11/04,Male,634-600-9222,bstrong8q@people.com.cn,20,78,66,B-,3/3/18,10/23/08
316,Caritta,Snead,10/10/20,Female,549-396-7785,csnead8r@sourceforge.net,4,34,9,AB-,2/26/03,9/13/22
317,Thaddeus,Hendrich,1/14/05,Male,937-204-0871,thendrich8s@home.pl,20,79,72,A+,10/12/21,8/7/04
318,Alix,Humpatch,7/12/91,Male,524-394-6781,ahumpatch8t@miibeian.gov.cn,34,79,188,B-,8/22/06,4/6/01
319,Renate,Buckham,8/7/13,Female,450-991-2243,rbuckham8u@is.gd,12,65,50,O-,2/6/07,5/26/10
320,Tallou,Learmonth,8/1/86,Female,227-814-8691,tlearmonth8v@usa.gov,39,79,200,A-,4/6/03,7/31/24
321,Faulkner,Clarkson,10/14/79,Male,291-441-6764,fclarkson8w@merriam-webster.com,45,77,182,AB-,3/2/03,5/9/01
322,Zabrina,Conlon,10/7/06,Female,489-373-6466,zconlon8x@acquirethisname.com,18,65,63,AB+,8/19/11,3/25/22
323,Harland,Wards,3/26/93,Male,205-381-4428,hwards8y@phpbb.com,32,76,175,A+,8/20/04,11/27/05
324,Sherm,Maior,9/6/17,Male,814-887-0289,smaior8z@theatlantic.com,7,40,29,AB+,2/23/11,6/22/01
325,Randolph,Common,9/9/11,Male,839-977-7731,rcommon90@epa.gov,13,68,51,O-,5/13/13,9/30/05
326,Tedman,Redish,9/10/20,Agender,267-947-6126,tredish91@facebook.com,4,38,16,A+,8/30/01,3/12/01
327,Gardiner,Romanelli,4/25/21,Male,673-795-1254,gromanelli92@unc.edu,4,26,20,A-,10/25/05,3/6/18
328,Scott,Geaveny,6/26/83,Male,511-379-8761,sgeaveny93@networksolutions.com,42,80,159,O-,6/10/02,5/31/24
329,Philly,Pykett,2/10/90,Agender,233-853-4284,ppykett94@purevolume.com,35,80,168,AB+,4/28/01,9/10/19
330,Brander,Peto,11/27/12,Male,497-825-9217,bpeto95@apache.org,12,60,55,A+,5/23/17,2/14/14
331,Silva,Shone,4/28/88,Female,257-254-6575,sshone96@indiegogo.com,37,76,154,AB+,5/24/04,5/2/04
332,Dolf,Maharey,10/28/70,Male,411-324-6342,dmaharey97@cnn.com,54,77,161,AB-,12/3/00,2/28/21
333,Heather,Theze,1/26/07,Female,617-892-0781,htheze98@t-online.de,18,65,78,O+,4/17/06,1/29/05
334,Price,Massingberd,12/18/99,Male,892-423-5970,pmassingberd99@zimbio.com,25,78,107,B-,1/27/10,2/9/24
335,Marcelo,Randell,11/2/98,Male,629-616-1537,mrandell9a@gravatar.com,26,80,149,A-,11/21/01,5/21/10
336,Eugen,Makeswell,9/3/96,Male,512-310-0301,emakeswell9b@marketwatch.com,28,79,147,A-,3/11/04,1/4/19
337,Aeriel,Reveley,1/5/24,Female,471-257-8283,areveley9c@domainmarket.com,1,33,27,A-,6/9/21,11/11/23
338,Port,Tipperton,4/14/99,Male,195-948-4556,ptipperton9d@unblog.fr,26,79,142,A+,3/28/03,12/9/24
339,Zolly,Lott,6/19/07,Male,841-728-4306,zlott9e@usa.gov,18,70,71,AB+,10/30/09,1/27/19
340,Stanly,Whyborne,6/15/06,Genderqueer,791-200-5608,swhyborne9f@woothemes.com,19,78,66,A-,5/8/21,6/29/24
341,Claus,Stanfield,4/29/01,Male,168-695-2636,cstanfield9g@dailymail.co.uk,24,77,125,A-,5/20/24,12/18/18
342,Sumner,Trenaman,12/19/05,Male,144-947-1443,strenaman9h@paginegialle.it,19,80,73,AB+,6/13/14,9/2/02
343,Charlotte,Helm,8/13/73,Female,239-822-0993,chelm9i@ed.gov,52,79,182,B-,1/4/10,4/17/23
344,Guendolen,Stileman,4/9/17,Female,447-361-4599,gstileman9j@redcross.org,8,40,46,B-,5/5/02,4/6/06
345,Denni,Ralston,9/28/07,Female,170-691-2272,dralston9k@scientificamerican.com,17,57,76,O-,5/23/09,7/20/04
346,Eleanora,Stucke,9/23/83,Female,220-226-5162,estucke9l@soup.io,41,77,162,A+,1/31/20,9/20/09
347,Torin,Furst,4/29/77,Male,203-904-4581,tfurst9m@com.com,48,75,183,O-,9/15/21,12/23/24
348,Lonna,Bottby,2/12/10,Female,268-985-8436,lbottby9n@tamu.edu,15,69,57,O+,12/31/02,6/28/03
349,Margie,Kagan,4/13/80,Female,412-443-9170,mkagan9o@google.com.br,45,76,156,A-,4/30/20,1/18/01
350,Dulcea,Barham,8/3/86,Female,882-896-8324,dbarham9p@sbwire.com,39,78,199,A-,10/13/20,5/8/11
351,Douglass,Danshin,4/29/14,Male,284-411-3142,ddanshin9q@icq.com,11,71,55,A+,9/20/04,4/15/20
352,Boyce,Groocock,8/9/03,Male,909-548-6585,bgroocock9r@dedecms.com,22,79,97,O+,12/11/04,2/5/22
353,Karie,Brewerton,5/3/93,Non-binary,900-252-1186,kbrewerton9s@barnesandnoble.com,32,79,151,B-,5/14/14,11/16/19
354,Puff,Ballinghall,9/23/96,Male,996-452-0371,pballinghall9t@bravesites.com,28,76,150,AB+,11/27/02,2/27/16
355,Silvana,Caccavale,7/11/75,Female,204-769-1795,scaccavale9u@prweb.com,50,76,200,B-,7/22/08,3/17/03
356,Rudolf,Meijer,1/19/77,Male,414-461-8303,rmeijer9v@example.com,48,75,157,A+,6/12/01,10/14/20
357,Joelly,Cominetti,9/6/17,Female,615-838-2187,jcominetti9w@barnesandnoble.com,7,33,7,AB+,7/1/06,4/14/18
358,Harmonie,Izon,11/29/81,Female,756-481-5894,hizon9x@hp.com,43,80,159,A+,2/18/18,2/22/08
359,Wendeline,Omond,10/12/86,Female,267-521-6098,womond9y@irs.gov,38,75,170,O-,4/10/12,3/13/24
360,Fonzie,Antognetti,10/23/12,Male,216-945-5875,fantognetti9z@homestead.com,12,70,57,B-,3/23/22,8/18/19
361,Cherri,Balme,1/21/84,Female,369-164-6360,cbalmea0@mapy.cz,41,78,187,A-,11/29/03,7/1/21
362,Fielding,Barnhill,10/15/83,Male,221-941-6477,fbarnhilla1@typepad.com,41,80,169,AB-,3/9/14,3/21/15
363,Moria,Fanshaw,2/25/02,Female,546-346-6015,mfanshawa2@sitemeter.com,23,76,115,AB+,5/11/23,7/19/09
364,Pearce,Von Der Empten,6/29/02,Agender,705-860-0617,pvonderemptena3@hp.com,23,76,104,B-,6/11/15,4/28/12
365,Cece,McInulty,10/6/99,Bigender,633-134-2550,cmcinultya4@hhs.gov,25,76,86,AB-,7/1/20,12/19/05
366,Xaviera,Speight,2/24/83,Female,517-173-6967,xspeighta5@about.com,42,79,166,B-,4/24/08,6/17/13
367,Sterling,MacClancey,7/10/18,Male,425-713-2919,smacclanceya6@etsy.com,7,40,7,B-,3/10/13,12/15/06
368,Melesa,Sime,12/24/76,Female,656-497-1433,msimea7@upenn.edu,48,75,193,O+,2/20/09,8/4/23
369,Stormi,Peddar,11/22/85,Genderfluid,734-614-9514,speddara8@oaic.gov.au,39,75,184,AB+,10/18/06,7/2/15
370,Piotr,Askew,1/7/17,Male,783-129-7898,paskewa9@about.com,8,49,48,B-,7/7/16,11/23/18
371,Patrice,Shields,7/18/09,Male,746-358-1868,pshieldsaa@illinois.edu,16,70,61,O-,6/14/18,9/16/08
372,Josepha,Yoodall,3/10/73,Female,165-821-0868,jyoodallab@indiegogo.com,52,76,171,AB+,12/17/14,6/4/03
373,Lambert,Fanton,7/3/20,Male,132-864-5926,lfantonac@epa.gov,5,38,40,O+,2/18/03,12/1/20
374,Berkie,Anthoney,9/8/24,Male,432-565-4401,banthoneyad@so-net.ne.jp,0,33,9,B-,4/22/10,7/23/22
375,Victoir,Hesser,1/27/04,Male,473-137-3563,vhesserae@chron.com,21,80,115,B-,3/11/21,5/21/15
376,Kelsi,Whelband,7/18/04,Female,678-942-3478,kwhelbandaf@tumblr.com,21,78,111,O-,5/28/05,11/7/02
377,Lucien,Szanto,11/9/94,Male,469-434-5866,lszantoag@ted.com,30,75,148,O+,7/15/05,11/4/00
378,Merrick,Najara,3/27/84,Male,737-685-1062,mnajaraah@phoca.cz,41,78,197,O+,12/11/15,4/23/01
379,Goraud,Kiddy,11/8/18,Male,472-236-8626,gkiddyai@psu.edu,6,39,19,O-,9/5/21,8/7/11
380,Stafani,Mansion,7/11/16,Agender,173-527-2618,smansionaj@cloudflare.com,9,43,50,A+,6/14/22,2/1/11
381,Ronnica,Yushkov,7/22/09,Female,464-275-7313,ryushkovak@unblog.fr,16,60,64,AB+,3/19/10,7/11/06
382,Lyda,Elster,12/4/14,Female,277-179-6729,lelsteral@webs.com,10,41,44,AB+,9/4/03,7/29/15
383,Dorian,Rodliff,9/6/80,Female,180-497-1422,drodliffam@netscape.com,44,75,162,AB-,2/12/15,1/3/08
384,Linell,Djekovic,12/12/22,Female,879-276-7302,ldjekovican@auda.org.au,2,29,32,B-,12/6/22,12/13/05
385,Wynny,Leatt,2/8/85,Female,369-556-8422,wleattao@opera.com,40,78,194,O+,5/16/04,3/30/24
386,Rachael,Moorcraft,11/28/20,Female,717-852-0357,rmoorcraftap@moonfruit.com,4,30,29,A-,4/10/18,4/27/17
387,Bear,Bernt,1/2/75,Male,965-478-5749,bberntaq@state.tx.us,50,77,164,A-,3/6/20,12/11/19
388,Jaime,Cooney,7/15/19,Female,916-614-7217,jcooneyar@plala.or.jp,6,32,34,O-,4/2/14,12/13/02
389,Burl,Rigge,7/4/99,Male,962-669-5908,briggeas@ucoz.ru,26,79,138,AB+,11/30/00,6/1/07
390,Ali,Barraclough,12/7/22,Male,673-900-8799,abarracloughat@opera.com,2,25,12,AB-,12/16/07,9/11/12
391,Basile,Jaskiewicz,3/10/79,Male,586-204-2365,bjaskiewiczau@amazonaws.com,46,76,175,B-,9/5/12,11/6/16
392,Chaddie,Fyrth,9/5/04,Male,283-512-8460,cfyrthav@seesaa.net,20,79,79,O+,8/28/01,7/19/22
393,Nero,Cooling,12/4/84,Bigender,311-549-6920,ncoolingaw@un.org,40,75,177,O+,12/9/23,8/19/13
394,Christen,Slora,12/6/06,Female,505-150-5303,csloraax@earthlink.net,18,60,65,A+,3/29/11,9/9/16
395,Simona,Luckin,9/15/08,Female,337-348-0835,sluckinay@dion.ne.jp,16,63,69,A-,10/27/14,1/9/08
396,Lorrie,Mitrikhin,4/23/82,Male,942-222-4939,lmitrikhinaz@pen.io,43,79,152,AB+,4/16/16,1/9/24
397,Thor,Doblin,12/11/95,Male,741-855-5123,tdoblinb0@trellian.com,29,80,142,A+,8/19/23,3/5/23
398,Katina,Bailles,10/3/95,Female,853-339-9768,kbaillesb1@mlb.com,29,79,140,A-,11/6/02,9/20/01
399,Renate,Wattam,3/19/72,Female,151-392-0447,rwattamb2@wikimedia.org,53,75,196,A-,9/13/21,7/24/04
400,Anderea,Nathan,7/17/83,Female,802-174-0823,anathanb3@opensource.org,42,79,205,A+,9/26/05,7/20/07
401,Kennedy,Yerby,2/13/16,Male,465-196-3650,kyerbyb4@biglobe.ne.jp,9,54,49,O-,1/31/07,11/29/16
402,Judie,Miles,7/2/80,Non-binary,440-253-1187,jmilesb5@techcrunch.com,45,79,174,O-,11/21/24,2/5/13
403,Ole,De Meis,2/10/05,Male,460-947-4163,odemeisb6@nba.com,20,76,75,A+,1/24/07,3/11/16
404,Winston,Burgen,12/11/97,Male,757-665-7391,wburgenb7@ca.gov,27,79,138,O+,5/17/13,12/12/07
405,Leela,Geale,12/11/96,Polygender,517-839-8423,lgealeb8@desdev.cn,28,80,134,AB-,10/9/24,3/24/05
406,Fletcher,Stadden,1/15/25,Male,577-722-9611,fstaddenb9@nps.gov,0,32,34,B-,5/16/19,12/15/20
407,Karlis,Cogar,6/15/92,Male,422-537-1299,kcogarba@topsy.com,33,80,156,O+,10/4/18,10/17/03
408,Corey,Lewcock,2/16/70,Male,205-613-5179,clewcockbb@unesco.org,55,77,203,O-,1/18/03,6/4/20
409,Aida,Pau,6/5/71,Non-binary,635-120-9670,apaubc@squidoo.com,54,78,206,AB-,5/20/14,3/3/17
410,Perkin,Delacourt,1/25/91,Male,952-944-8758,pdelacourtbd@ibm.com,34,75,179,B-,2/16/01,6/16/14
411,Olympie,Watkiss,10/24/95,Female,990-894-7728,owatkissbe@reddit.com,29,80,138,O-,2/1/20,10/12/02
412,Jonis,Tybalt,3/24/23,Female,532-606-6314,jtybaltbf@tripod.com,2,28,40,B-,7/29/13,6/16/23
413,Jeannine,Excell,4/2/07,Female,978-604-6855,jexcellbg@prlog.org,18,75,60,A+,1/31/21,9/11/00
414,Tremain,Reven,7/17/74,Male,629-106-5996,trevenbh@oracle.com,51,76,180,A-,12/26/08,12/22/17
415,Courtnay,Castanyer,8/10/11,Female,981-166-8538,ccastanyerbi@cnet.com,14,59,58,A-,3/24/15,9/22/24
416,Rivkah,Pearcy,8/22/76,Female,611-561-2343,rpearcybj@rambler.ru,49,78,158,O-,9/23/21,7/6/12
417,Cinnamon,Macvain,8/31/70,Female,940-747-8454,cmacvainbk@chronoengine.com,55,80,177,O+,12/18/19,5/10/13
418,Truda,Whyberd,4/20/80,Female,886-396-0297,twhyberdbl@uol.com.br,45,79,185,B-,3/6/19,1/30/24
419,Hobie,Geerdts,10/1/94,Male,852-523-3957,hgeerdtsbm@salon.com,30,79,130,A+,9/13/02,7/16/11
420,Briggs,Hethron,10/26/91,Male,216-983-6167,bhethronbn@blogger.com,33,79,182,O-,6/16/12,10/8/12
421,Falito,Cowmeadow,8/9/10,Bigender,768-726-8779,fcowmeadowbo@jigsy.com,15,70,59,A+,12/22/23,1/25/21
422,Kacy,Houldin,3/15/99,Female,853-759-8223,khouldinbp@ifeng.com,26,76,131,AB-,6/5/15,1/30/01
423,Basil,Hayley,12/4/91,Male,366-244-8998,bhayleybq@unblog.fr,33,77,160,AB-,3/31/10,11/17/12
424,Cacilie,Mattioli,3/27/76,Female,800-906-3594,cmattiolibr@issuu.com,49,78,162,O+,10/16/04,2/2/12
425,Franky,Dahler,1/22/20,Male,422-448-4173,fdahlerbs@opensource.org,5,34,38,A+,9/13/03,5/25/13
426,Hanan,Gockelen,5/10/04,Male,394-741-3050,hgockelenbt@youtu.be,21,79,95,A+,10/8/12,7/1/14
427,Valentine,McKeefry,2/23/17,Male,680-334-7139,vmckeefrybu@freewebs.com,8,42,44,O-,2/7/07,8/29/07
428,Nadean,Mattaser,1/15/22,Bigender,336-579-4921,nmattaserbv@jiathis.com,3,33,31,A+,11/13/02,8/19/00
429,Ambrose,Staker,2/13/10,Male,284-757-0873,astakerbw@eepurl.com,15,72,58,O-,4/22/09,6/1/15
430,Leontyne,Paddick,8/10/18,Female,750-824-7915,lpaddickbx@ihg.com,7,30,17,O+,6/2/11,3/3/13
431,Kari,Lissimore,1/9/20,Female,425-237-9968,klissimoreby@digg.com,5,32,19,O-,11/29/11,7/31/03
432,Cayla,Biddlestone,3/23/77,Female,144-510-0193,cbiddlestonebz@elegantthemes.com,48,76,209,O-,12/1/09,3/6/23
433,Lexie,MacDonogh,7/30/77,Female,613-422-8506,lmacdonoghc0@homestead.com,48,75,205,B-,10/26/13,9/2/14
434,Leonora,Boseley,8/29/73,Female,988-156-4937,lboseleyc1@123-reg.co.uk,52,76,182,B-,10/6/01,2/8/04
435,Kerrin,Pechet,9/29/96,Female,371-487-8948,kpechetc2@mayoclinic.com,28,80,149,AB+,2/5/01,8/13/16
436,Stanly,Gorner,5/13/88,Male,798-107-1400,sgornerc3@aboutads.info,37,75,205,AB+,6/21/23,6/15/04
437,Chastity,Agus,11/23/76,Genderqueer,734-409-3141,cagusc4@linkedin.com,48,79,153,O+,9/14/00,11/6/15
438,Maritsa,Bernini,11/5/05,Female,961-533-1695,mberninic5@nydailynews.com,19,79,80,AB+,4/1/12,12/25/04
439,Marrissa,Pashbee,3/6/24,Female,358-114-7904,mpashbeec6@timesonline.co.uk,1,32,12,A-,12/10/11,6/8/22
440,Midge,Cordner,3/5/08,Female,468-555-5040,mcordnerc7@wired.com,17,69,76,A+,11/18/11,4/14/02
441,Vinny,Pretti,11/12/15,Male,198-974-2123,vprettic8@narod.ru,9,40,43,O+,5/22/24,7/18/05
442,Elonore,Lightollers,3/14/93,Female,442-975-7393,elightollersc9@jalbum.net,32,76,208,A+,9/7/17,4/25/19
443,Janith,Ancketill,9/10/12,Female,421-599-3530,jancketillca@yelp.com,12,75,52,O+,8/28/04,3/14/24
444,Oliver,Sabban,2/22/12,Male,576-136-0361,osabbancb@last.fm,13,63,55,AB+,7/12/21,2/3/20
445,Frankie,Cutmere,11/21/03,Genderfluid,887-508-0467,fcutmerecc@blog.com,21,79,92,A+,9/20/07,10/14/23
446,Roberto,Linley,3/6/89,Male,585-365-2279,rlinleycd@wikipedia.org,36,80,178,AB+,6/13/17,7/27/00
447,Cirstoforo,D'Antoni,12/3/11,Male,508-455-6177,cdantonice@abc.net.au,13,59,60,O-,1/2/12,6/30/07
448,Miof mela,Float,2/16/71,Female,719-440-5771,mfloatcf@g.co,54,76,150,AB-,6/13/08,5/19/10
449,Ryun,Kohrding,10/11/80,Bigender,978-547-0919,rkohrdingcg@dailymotion.com,44,75,171,O+,9/17/16,2/15/21
450,Tallou,Havile,6/24/88,Female,519-376-3112,thavilech@xrea.com,37,77,208,A+,11/4/08,5/14/12
451,Bo,Slater,11/21/93,Male,702-705-0835,bslaterci@aol.com,31,78,190,AB+,4/21/07,4/29/11
452,Alejandro,Cottier,6/18/83,Male,936-842-3325,acottiercj@gov.uk,42,78,166,O+,3/27/20,9/13/18
453,Alex,Asmus,3/8/97,Male,295-995-0917,aasmusck@unc.edu,28,75,136,A+,4/25/02,12/30/13
454,Rockie,Ketley,10/2/83,Male,203-406-2329,rketleycl@reddit.com,41,79,162,B-,3/16/10,4/1/18
455,Cordelie,Witherden,5/13/78,Female,244-844-7454,cwitherdencm@joomla.org,47,78,179,A-,10/15/10,11/20/15
456,Robbyn,Pailin,10/12/88,Female,994-175-9158,rpailincn@hp.com,36,79,169,AB-,12/26/17,12/13/09
457,Biddie,Nannizzi,6/23/12,Female,822-145-2315,bnannizzico@skype.com,13,57,60,O+,12/24/22,9/12/11
458,Gertrude,Edgler,11/22/91,Non-binary,228-669-2272,gedglercp@delicious.com,33,78,180,O+,2/21/19,11/29/02
459,Rafa,Aspinell,12/26/90,Female,328-675-2402,raspinellcq@csmonitor.com,34,77,154,O+,8/1/02,12/15/05
460,Willi,Mulcahy,2/4/11,Male,646-800-7915,wmulcahycr@is.gd,14,75,60,A+,9/2/05,3/29/07
461,Mariellen,Castellone,11/23/84,Polygender,471-374-3451,mcastellonecs@tinypic.com,40,79,180,AB+,6/15/23,11/4/23
462,Gardie,Jori,12/22/07,Male,458-817-8299,gjorict@walmart.com,17,59,73,O-,10/16/01,4/22/09
463,Morganne,McMullen,6/28/71,Non-binary,143-183-1751,mmcmullencu@theatlantic.com,54,76,167,O-,11/18/21,8/8/08
464,Dominica,Leonarde,8/23/87,Female,506-311-5380,dleonardecv@ftc.gov,38,77,155,B-,9/28/20,5/27/17
465,Morly,Sumption,9/28/85,Male,493-169-7031,msumptioncw@unc.edu,39,75,178,AB+,10/3/24,7/24/03
466,Margareta,Ungaretti,12/21/18,Female,696-905-8088,mungaretticx@fc2.com,6,33,35,A-,1/1/07,7/29/06
467,Tan,Halpine,4/19/04,Male,362-899-6119,thalpinecy@google.pl,21,79,90,AB+,8/11/01,7/27/19
468,Dewey,Kluss,8/18/08,Male,581-460-0178,dklusscz@kickstarter.com,17,69,75,AB+,10/30/23,12/31/13
469,Luther,Readman,4/1/01,Male,771-295-6074,lreadmand0@de.vu,24,80,86,B-,12/5/10,3/20/09
470,Blair,Paye,11/8/90,Female,797-992-7571,bpayed1@ocn.ne.jp,34,75,162,AB-,5/22/24,1/12/09
471,Aubine,De Leek,5/19/15,Female,949-236-5474,adeleekd2@newyorker.com,10,45,47,O+,11/3/23,7/1/11
472,Vale,MacCard,4/14/90,Female,610-203-1514,vmaccardd3@simplemachines.org,35,75,156,B-,12/12/02,9/21/23
473,Aidan,Aysik,11/3/00,Female,927-739-8714,aaysikd4@cornell.edu,24,77,86,O-,6/8/12,7/30/02
474,Lusa,Heninghem,2/10/21,Female,146-474-2796,lheninghemd5@cnet.com,4,37,26,A-,4/7/21,2/22/14
475,Reinhold,Welham,9/16/93,Male,293-322-1744,rwelhamd6@dyndns.org,31,77,173,O+,10/25/14,12/3/12
476,Giuseppe,Moens,9/4/97,Male,347-728-3874,gmoensd7@wordpress.com,27,80,140,O+,6/17/22,5/10/05
477,Augustine,Linfoot,10/12/22,Male,544-755-5927,alinfootd8@ucsd.edu,2,38,26,B-,5/15/23,4/7/15
478,Brnaba,Ravenhill,6/21/14,Male,593-357-7255,bravenhilld9@instagram.com,11,72,60,B-,12/27/02,7/2/15
479,Avictor,Tite,3/9/85,Male,444-835-2717,atiteda@spotify.com,40,78,182,A+,11/23/11,6/11/12
480,Sibella,Beaten,8/29/97,Female,973-518-2795,sbeatendb@tinypic.com,27,75,149,A-,9/12/11,10/12/18
481,Barnabe,Adderson,7/3/08,Male,979-745-2368,baddersondc@google.es,17,73,78,O-,8/10/18,5/4/05
482,Tucky,Seeger,3/14/04,Male,886-352-7158,tseegerdd@over-blog.com,21,75,101,AB+,7/17/20,4/23/21
483,Tani,Orrah,11/27/03,Female,274-453-0662,torrahde@mysql.com,21,75,121,A-,11/5/10,8/1/04
484,Jenilee,Fardo,5/15/01,Female,392-499-7383,jfardodf@seesaa.net,24,76,113,O+,9/25/20,6/16/10
485,Lorin,Samart,1/19/11,Male,540-195-7565,lsamartdg@photobucket.com,14,64,55,AB-,12/16/12,1/13/11
486,Barthel,McGilvra,6/9/05,Male,126-969-4561,bmcgilvradh@berkeley.edu,20,76,63,B-,3/17/24,2/13/21
487,Adrian,Brokenshaw,1/22/23,Male,446-431-2941,abrokenshawdi@example.com,2,26,10,O-,10/22/14,11/29/04
488,Nance,Dosdill,10/10/11,Female,720-790-2158,ndosdilldj@surveymonkey.com,13,74,60,A-,12/17/09,4/16/13
489,Claudell,Maude,4/27/20,Male,176-705-2612,cmaudedk@cdbaby.com,5,29,38,B-,11/8/11,9/30/06
490,Weber,Baudon,5/21/01,Male,472-585-8560,wbaudondl@twitpic.com,24,76,95,AB+,11/20/00,7/2/02
491,Lynne,Bridal,3/3/93,Female,887-909-6460,lbridaldm@goo.ne.jp,32,79,177,O-,5/21/07,10/15/17
492,Chrystel,Nesey,8/11/99,Female,640-178-1005,cneseydn@gnu.org,26,77,142,O-,8/12/19,10/10/06
493,Carla,Gilderoy,12/10/03,Female,202-220-0666,cgilderoydo@hp.com,21,80,86,A-,10/5/09,10/2/23
494,Brandtr,Whitehall,7/16/97,Male,375-329-4465,bwhitehalldp@ycombinator.com,28,75,133,O+,3/6/17,8/9/03
495,Sophia,Rudolfer,9/5/81,Female,228-435-1918,srudolferdq@boston.com,43,77,153,AB-,6/16/19,9/23/12
496,Wildon,Andrieux,5/17/00,Male,932-451-7350,wandrieuxdr@opera.com,25,76,91,AB+,4/19/16,5/29/03
497,Janith,Rogeron,9/5/18,Female,100-888-2746,jrogeronds@godaddy.com,6,37,23,AB+,10/3/15,10/13/04
498,Cirillo,Flintoffe,7/31/85,Male,585-163-6057,cflintoffedt@unc.edu,40,79,185,O+,6/10/24,7/25/20
499,Ginelle,Blanque,11/2/02,Female,147-858-3960,gblanquedu@un.org,22,75,102,B-,1/31/14,10/10/23
500,Gilly,Thomazin,2/4/74,Genderqueer,130-644-1547,gthomazindv@nhs.uk,51,75,183,O+,5/29/21,5/7/18
501,Mada,Feige,5/17/02,Female,938-656-2536,mfeigedw@creativecommons.org,23,79,130,AB-,1/21/19,4/29/23
502,Ilyse,Camblin,4/18/17,Female,908-991-3811,icamblindx@altervista.org,8,52,41,B-,5/18/10,2/4/06
503,Cassandre,McIlvaney,4/9/70,Female,360-377-9051,cmcilvaneydy@mail.ru,55,80,192,O-,4/17/11,12/18/13
504,Natalina,Cabotto,1/7/95,Female,224-803-1649,ncabottodz@omniture.com,30,77,150,B-,2/10/02,1/2/17
505,Will,Sterricker,10/25/00,Male,645-587-6980,wsterrickere0@microsoft.com,24,77,122,AB-,3/18/00,3/11/12
506,Gustaf,Houseman,3/15/23,Male,102-114-1842,ghousemane1@paypal.com,2,38,13,O+,9/7/21,7/28/09
507,Friedrich,Simanek,12/27/05,Male,905-318-4003,fsimaneke2@bbb.org,19,79,67,AB-,6/9/22,8/21/23
508,Jania,Scoggan,11/2/23,Female,856-454-5464,jscoggane3@hexun.com,1,34,16,AB-,3/12/24,10/18/23
509,Niall,Andrejevic,11/30/11,Genderqueer,483-413-0091,nandrejevice4@hhs.gov,13,62,55,A+,5/27/10,10/7/07
510,Shepherd,Odney,4/20/72,Male,407-373-6744,sodneye5@mozilla.org,53,80,174,O+,7/11/16,11/24/15
511,Spenser,Mewrcik,1/7/99,Male,207-322-2027,smewrcike6@va.gov,26,78,149,AB-,10/29/05,4/20/15
512,Delmar,Osanne,6/26/21,Agender,831-361-1054,dosannee7@umn.edu,4,38,25,A+,11/21/22,10/17/04
513,Gabey,Nisbet,8/2/22,Non-binary,381-407-4586,gnisbete8@latimes.com,3,26,20,O-,3/11/07,1/7/13
514,Gareth,Tyreman,1/23/92,Male,517-762-0765,gtyremane9@chron.com,33,79,152,O+,12/16/15,10/22/12
515,Jarid,Maccrie,4/21/09,Male,922-343-2626,jmaccrieea@a8.net,16,73,69,B-,9/10/20,6/18/17
516,Kath,Davydenko,9/9/84,Female,303-416-0965,kdavydenkoeb@purevolume.com,40,80,187,A+,11/24/05,3/19/21
517,Siffre,Mohammad,9/8/87,Genderfluid,300-318-8229,smohammadec@google.com,37,77,194,A-,11/2/16,9/22/09
518,Georas,Dismore,5/3/23,Male,588-853-7274,gdismoreed@ihg.com,2,29,16,O-,11/22/10,5/6/24
519,Carver,Krinks,12/24/13,Male,605-663-4941,ckrinksee@reuters.com,11,74,58,O+,12/19/16,1/14/17
520,Charley,Titcomb,3/9/84,Male,924-278-5929,ctitcombef@psu.edu,41,76,161,A-,2/13/11,6/16/21
521,Roxie,Mitchenson,7/31/19,Female,419-866-1292,rmitchensoneg@about.com,6,27,13,AB-,3/13/21,8/21/08
522,John,Stranks,2/2/07,Male,642-314-6782,jstrankseh@nasa.gov,18,61,64,A-,2/22/21,2/26/09
523,Case,Toor,3/29/94,Male,393-575-0695,ctoorei@g.co,31,77,208,AB+,3/18/05,5/23/19
524,Chancey,Lockton,3/3/77,Male,732-107-1821,clocktonej@dailymail.co.uk,48,75,175,A-,8/15/15,6/16/15
525,Bobby,Neads,2/5/12,Male,768-789-5247,bneadsek@upenn.edu,13,74,58,A-,10/23/16,7/27/06
526,Valida,Jelf,6/11/05,Female,684-204-1730,vjelfel@blogtalkradio.com,20,80,79,AB+,12/13/22,9/6/07
527,Carter,Gerardi,11/6/86,Male,408-916-3554,cgerardiem@adobe.com,38,79,180,A-,10/24/18,10/8/06
528,Nance,Backwell,1/20/16,Female,857-827-6721,nbackwellen@foxnews.com,9,54,50,A+,12/10/05,12/9/19
529,Idaline,Gotcher,8/31/72,Non-binary,916-392-7789,igotchereo@accuweather.com,52,78,189,B-,7/24/11,1/2/08
530,Law,Syddie,11/14/09,Male,522-364-2292,lsyddieep@wired.com,15,65,59,O-,5/18/18,8/13/03
531,Monica,Boosey,4/3/08,Female,421-863-7504,mbooseyeq@sphinn.com,17,74,79,A-,5/1/10,1/12/08
532,Silvester,Trevarthen,11/15/01,Male,385-803-0667,strevarthener@webnode.com,23,80,87,A-,9/23/15,3/13/18
533,Calv,Wissbey,3/3/23,Male,748-335-3088,cwissbeyes@whitehouse.gov,2,39,37,B-,3/11/14,1/31/21
534,Jasun,Sturridge,10/6/01,Genderqueer,401-509-2723,jsturridgeet@marketwatch.com,23,79,127,AB-,9/13/06,3/28/23
535,Millie,Dawtre,9/10/82,Female,183-667-5763,mdawtreeu@state.tx.us,42,78,190,AB-,4/5/07,9/17/05
536,Willis,Bradder,11/4/78,Male,583-936-8238,wbradderev@blinklist.com,46,77,190,O+,6/16/24,5/3/06
537,Keelby,Spowage,5/26/95,Male,272-210-7019,kspowageew@artisteer.com,30,75,140,AB-,8/27/01,9/26/13
538,Jerrold,Tomkins,7/31/71,Genderqueer,307-926-2430,jtomkinsex@un.org,54,75,168,O-,1/31/08,4/28/04
539,Trixi,Yard,9/22/91,Female,382-572-9270,tyardey@com.com,33,75,187,A-,8/14/14,9/1/20
540,Wesley,Coale,2/16/20,Male,170-520-4663,wcoaleez@vkontakte.ru,5,31,12,B-,1/17/02,3/21/01
541,Lazarus,Coppledike,10/26/76,Male,775-837-9673,lcoppledikef0@yolasite.com,48,77,170,O-,5/2/17,5/10/13
542,Maxim,Safe,11/12/85,Male,581-467-7046,msafef1@typepad.com,39,76,167,O+,8/10/20,7/27/23
543,Laurence,Baddow,11/4/87,Male,877-601-5659,lbaddowf2@foxnews.com,37,78,177,O+,9/8/23,1/3/23
544,Donn,Skippen,6/17/77,Male,590-142-7700,dskippenf3@cnn.com,48,79,183,AB-,9/24/08,5/26/11
545,Herold,Moggach,9/27/81,Male,410-983-8691,hmoggachf4@people.com.cn,43,80,176,O+,12/29/23,10/2/18
546,Garold,McClaughlin,1/2/97,Polygender,907-890-3819,gmcclaughlinf5@plala.or.jp,28,80,134,A-,9/16/06,5/7/15
547,Carl,MacManus,2/14/93,Male,450-984-6853,cmacmanusf6@t-online.de,32,75,164,A-,4/6/11,11/9/00
548,Tate,Connikie,2/27/76,Male,751-163-5491,tconnikief7@cdc.gov,49,79,152,B-,10/7/05,4/20/20
549,Curran,Sautter,12/9/85,Male,643-419-2550,csautterf8@odnoklassniki.ru,39,78,188,O-,8/19/13,8/3/22
550,Timmie,Reams,9/22/93,Agender,396-532-9199,treamsf9@123-reg.co.uk,31,77,169,O+,6/9/16,1/7/07
551,Karena,Dupoy,1/12/03,Female,132-190-1073,kdupoyfa@hhs.gov,22,80,103,A-,11/28/10,4/21/13
552,Gertruda,Wheal,5/6/85,Female,368-860-5290,gwhealfb@i2i.jp,40,75,192,AB+,2/13/06,3/1/09
553,Caprice,Kerswell,9/17/80,Non-binary,605-451-9880,ckerswellfc@ed.gov,44,78,151,AB-,4/6/23,3/13/01
554,Joellen,Blight,12/29/98,Female,844-785-1616,jblightfd@webnode.com,26,77,148,O-,4/11/01,1/23/05
555,Hinda,Lohmeyer,1/1/18,Female,601-354-5948,hlohmeyerfe@miitbeian.gov.cn,7,25,39,A+,9/7/24,3/27/14
556,Christabella,Riddich,7/22/75,Female,303-547-1124,criddichff@sfgate.com,50,78,191,AB-,11/11/24,7/18/20
557,Jory,D'eath,7/23/11,Male,877-844-1451,jdeathfg@storify.com,14,74,52,A+,10/4/04,6/17/22
558,Giralda,Samber,2/21/85,Female,627-938-5769,gsamberfh@bizjournals.com,40,77,206,O+,5/30/03,8/21/06
559,Cindra,Redhole,1/12/24,Female,809-221-4794,credholefi@wix.com,1,32,33,A-,2/23/16,3/14/23
560,Eolanda,Tourner,10/17/10,Female,886-268-3217,etournerfj@jigsy.com,14,69,59,AB-,12/1/14,8/15/22
561,Bertram,Potkins,5/12/85,Male,541-918-6740,bpotkinsfk@miibeian.gov.cn,40,75,166,AB+,8/29/13,5/18/08
562,Sheela,Brusle,8/5/88,Female,103-312-8846,sbruslefl@so-net.ne.jp,37,80,189,AB-,4/27/16,11/19/16
563,Odessa,Philips,11/2/93,Female,463-414-4837,ophilipsfm@cnbc.com,31,76,200,AB+,11/28/11,1/19/23
564,Melodie,Rockwill,8/17/03,Female,443-839-9194,mrockwillfn@paginegialle.it,22,75,113,O+,7/27/08,8/27/17
565,Zared,Gristwood,4/30/00,Male,242-731-3956,zgristwoodfo@storify.com,25,78,81,AB-,7/10/13,4/22/20
566,Paton,Leeder,3/20/84,Male,268-659-7950,pleederfp@blogger.com,41,77,158,O+,8/20/24,8/7/12
567,Travus,Gorvette,9/25/00,Male,448-133-6152,tgorvettefq@live.com,24,76,119,A+,1/8/01,10/27/12
568,Eleanore,McCleverty,7/19/89,Female,437-120-7914,emcclevertyfr@weather.com,36,75,190,B-,9/18/14,4/9/10
569,Vida,Ferry,7/3/80,Female,998-700-2695,vferryfs@nsw.gov.au,45,75,200,AB+,7/27/01,9/28/21
570,Nataniel,Geddis,11/6/88,Male,635-174-7282,ngeddisft@free.fr,36,79,196,AB-,2/15/11,2/2/15
571,Belinda,Van den Bosch,10/22/20,Agender,946-227-9668,bvandenboschfu@sciencedaily.com,4,29,22,O+,1/4/02,8/28/21
572,Fabio,Minkin,3/23/87,Non-binary,746-952-0681,fminkinfv@linkedin.com,38,77,159,AB+,2/27/10,12/20/06
573,Pippa,Chene,1/13/21,Non-binary,696-469-7263,pchenefw@domainmarket.com,4,32,8,A+,11/2/20,9/28/16
574,Shirlene,Tilsley,10/25/15,Female,343-350-9078,stilsleyfx@wisc.edu,9,52,48,AB+,10/21/14,10/13/07
575,Monro,Andrivel,8/31/11,Male,551-373-9880,mandrivelfy@hugedomains.com,13,66,52,A+,4/19/04,10/23/20
576,Abdel,Torry,7/29/95,Male,635-798-3100,atorryfz@dmoz.org,30,78,134,B-,4/15/14,1/12/08
577,Donavon,Brothwood,10/5/71,Male,330-939-8076,dbrothwoodg0@tamu.edu,53,75,151,A-,5/23/24,3/11/03
578,Tim,Caff,11/3/75,Male,420-482-5306,tcaffg1@meetup.com,49,77,201,A+,11/9/23,1/3/14
579,Mycah,Wyrall,1/25/01,Male,884-664-5795,mwyrallg2@senate.gov,24,75,126,B-,12/31/24,3/11/22
580,Alison,Parsall,1/25/81,Female,405-944-8952,aparsallg3@sitemeter.com,44,78,183,AB-,7/9/09,4/7/21
581,Junie,Aizikovich,7/8/11,Female,172-898-0868,jaizikovichg4@timesonline.co.uk,14,58,55,B-,9/7/16,2/3/24
582,Valina,Lodovichi,11/12/81,Female,494-386-0206,vlodovichig5@youku.com,43,78,192,AB-,4/3/14,8/4/04
583,Moreen,Gurley,7/12/70,Female,463-324-4415,mgurleyg6@google.co.uk,55,79,193,O+,8/28/18,7/12/14
584,Timothee,Olyet,1/1/90,Male,737-730-2883,tolyetg7@storify.com,35,76,205,A-,3/18/13,7/8/16
585,Hermie,Cabrara,2/22/82,Male,623-946-4539,hcabrarag8@jiathis.com,43,78,205,B-,2/21/14,1/16/01
586,Felice,Size,7/15/17,Male,238-651-4570,fsizeg9@si.edu,8,47,41,A-,4/5/05,9/18/01
587,Claudetta,Dines,5/19/88,Female,367-130-8111,cdinesga@mayoclinic.com,37,77,181,AB-,9/24/24,6/22/22
588,Emalee,Bonome,11/6/05,Female,902-623-9893,ebonomegb@bizjournals.com,19,75,75,AB+,11/30/15,8/1/21
589,Serena,Rame,8/13/74,Female,647-557-7797,sramegc@msn.com,51,76,203,O-,3/12/15,12/20/18
590,Boone,Lownsbrough,4/7/00,Genderqueer,881-761-5529,blownsbroughgd@ezinearticles.com,25,79,80,B-,8/20/19,9/10/01
591,Ky,Flaonier,7/2/03,Male,258-771-9412,kflaonierge@chron.com,22,80,120,A-,9/10/19,4/6/23
592,Orton,Dameisele,6/25/17,Agender,578-157-9576,odameiselegf@earthlink.net,8,49,44,AB+,3/13/02,11/6/12
593,Vance,Lintill,7/15/02,Male,626-458-2977,vlintillgg@rambler.ru,23,79,107,AB-,2/18/20,9/22/17
594,Felizio,Hollingsby,1/3/78,Polygender,177-869-1510,fhollingsbygh@dion.ne.jp,47,78,172,AB+,4/9/23,8/16/24
595,Rachele,Kunert,11/23/24,Female,133-613-0075,rkunertgi@hugedomains.com,0,27,10,O-,9/22/00,3/27/24
596,Mercie,Grass,12/25/24,Female,970-385-4298,mgrassgj@list-manage.com,0,28,32,O-,6/12/14,12/1/13
597,Ted,Desorts,11/18/07,Male,138-301-7105,tdesortsgk@uol.com.br,17,61,62,A-,9/11/13,9/12/04
598,Jeannette,Ramsted,8/31/16,Female,254-176-9584,jramstedgl@lycos.com,8,46,44,AB+,6/25/00,12/6/22
599,Katy,Tomankowski,6/1/04,Female,737-723-1724,ktomankowskigm@macromedia.com,21,79,93,O+,4/16/13,8/14/06
600,Moselle,Stickley,11/9/91,Female,518-834-5799,mstickleygn@hp.com,33,76,201,O-,7/18/07,10/18/06
601,Whit,Whibley,12/23/12,Male,901-199-4734,wwhibleygo@cbsnews.com,12,64,51,A-,9/1/18,10/24/13
602,Sydelle,Kernar,12/31/08,Female,907-404-2355,skernargp@sohu.com,16,61,70,O+,5/18/02,4/24/20
603,Willie,Shine,12/2/89,Male,487-163-0851,wshinegq@yahoo.com,35,80,181,A+,3/19/20,11/29/17
604,Hadley,Gregorowicz,2/20/14,Bigender,249-903-5811,hgregorowiczgr@geocities.jp,11,71,51,AB+,6/15/05,7/16/11
605,Dexter,Ianelli,8/28/23,Male,197-123-3536,dianelligs@japanpost.jp,1,38,18,A+,11/15/04,10/28/17
606,Sibilla,Haszard,2/27/21,Female,247-597-6758,shaszardgt@wix.com,4,34,23,AB-,7/23/06,11/18/18
607,Sandra,Ormonde,8/20/90,Female,278-226-7084,sormondegu@microsoft.com,35,77,156,A-,6/29/14,2/25/17
608,Valera,Bulch,10/20/20,Female,127-349-0921,vbulchgv@tamu.edu,4,39,15,O-,6/9/10,6/12/00
609,Gabbie,Greaser,3/30/90,Bigender,924-277-6106,ggreasergw@pinterest.com,35,78,193,AB+,5/25/10,6/19/19
610,Derek,Roglieri,8/5/05,Male,811-223-9168,droglierigx@state.gov,20,76,70,A-,6/2/05,5/20/09
611,Gilles,Chilton,7/8/02,Male,226-958-2361,gchiltongy@globo.com,23,80,116,AB-,8/17/22,11/23/09
612,Thibaud,Kilgrove,5/10/74,Male,339-851-5773,tkilgrovegz@amazonaws.com,51,79,192,O+,3/9/04,5/16/01
613,Thom,Meakin,3/21/04,Male,847-267-0225,tmeakinh0@myspace.com,21,77,103,A+,11/26/02,9/9/04
614,Imelda,Skylett,4/24/01,Non-binary,659-224-6971,iskyletth1@moonfruit.com,24,80,115,A+,8/6/20,10/19/23
615,Charlean,Demageard,12/19/72,Female,564-421-5699,cdemageardh2@ovh.net,52,75,152,A+,3/1/05,7/22/07
616,Miof mela,Bennet,1/4/88,Bigender,254-284-9899,mbenneth3@studiopress.com,37,80,203,AB+,12/13/07,7/18/04
617,Gaylor,Bartali,4/10/07,Male,581-467-5718,gbartalih4@live.com,18,63,74,A+,1/21/21,3/11/21
618,Gayleen,Beamond,9/29/73,Female,728-632-8875,gbeamondh5@dyndns.org,51,76,163,A-,1/8/13,5/26/09
619,Brady,Hawksworth,10/22/92,Genderfluid,318-881-2418,bhawksworthh6@addtoany.com,32,80,209,A-,1/8/17,5/16/22
620,Latrina,Croson,2/15/19,Female,189-496-0277,lcrosonh7@sina.com.cn,6,26,40,B-,3/18/05,3/18/11
621,Sam,Islip,3/20/80,Male,781-205-4249,sisliph8@wp.com,45,80,162,O+,11/15/06,8/2/18
622,Evangelina,Lease,5/11/92,Female,512-286-5025,eleaseh9@google.com.hk,33,80,183,O-,1/17/14,3/8/21
623,Vivianne,Whalebelly,8/5/16,Female,385-399-0969,vwhalebellyha@cloudflare.com,9,46,41,B-,9/2/15,10/15/00
624,Lela,Benbow,7/12/15,Female,460-334-4761,lbenbowhb@telegraph.co.uk,10,53,44,O-,6/13/07,8/8/07
625,Iseabal,Seeney,9/26/12,Female,255-121-5821,iseeneyhc@stanford.edu,12,74,54,O+,10/9/02,5/1/16
626,Craggie,Giovannacc@i,2/14/01,Male,655-797-4369,cgiovannaccihd@51.la,24,75,85,O-,1/11/17,12/14/22
627,Sisely,Zorn,9/29/08,Female,782-789-5653,szornhe@europa.eu,16,69,66,O+,8/10/19,4/9/02
628,Dare,Lytton,7/26/70,Male,339-620-7631,dlyttonhf@ihg.com,55,79,176,A-,5/25/16,3/14/16
629,Calli,Evangelinos,5/14/78,Female,607-380-0843,cevangelinoshg@macromedia.com,47,75,208,AB-,3/7/07,2/27/09
630,Fernandina,Eronie,3/28/81,Agender,391-341-9232,feroniehh@globo.com,44,79,203,AB+,3/5/16,1/11/22
631,Tomkin,McKerron,8/12/23,Male,723-322-8741,tmckerronhi@china.com.cn,2,25,29,AB+,4/4/09,10/5/09
632,Rayshell,Chaffe,7/31/94,Female,774-441-5775,rchaffehj@skype.com,31,80,188,O+,11/26/19,3/12/19
633,Pate,Meineck,7/29/73,Male,378-793-5481,pmeineckhk@ask.com,52,75,195,AB-,7/27/11,2/5/24
634,Sayre,Hammelberg,8/22/03,Male,986-895-4902,shammelberghl@chron.com,22,77,106,AB+,7/7/07,1/6/04
635,Jorrie,Flute,11/5/70,Female,840-186-0381,jflutehm@flickr.com,54,80,153,B-,11/3/10,6/1/10
636,Joelie,Klimpt,1/30/23,Female,870-192-8228,jklimpthn@github.com,2,40,29,O+,3/21/20,5/24/06
637,Ber,Benyan,7/16/94,Male,334-877-7291,bbenyanho@technorati.com,31,79,156,A-,11/16/11,6/8/01
638,Adolph,Simmell,4/4/14,Male,132-353-6854,asimmellhp@bbb.org,11,67,51,AB+,7/14/03,1/13/13
639,Helene,Seeger,5/2/14,Female,341-406-8091,hseegerhq@mayoclinic.com,11,74,60,O+,7/4/04,3/2/15
640,Dareen,Pinxton,3/6/17,Female,849-981-5361,dpinxtonhr@si.edu,8,43,43,AB+,12/6/00,5/24/16
641,Darbee,Dandy,1/21/98,Male,425-595-7998,ddandyhs@bluehost.com,27,80,131,A+,9/13/09,2/3/09
642,Ameline,Powdrell,3/11/72,Female,816-504-1398,apowdrellht@vkontakte.ru,53,78,159,B-,6/7/17,11/3/17
643,Tann,Godlip,9/6/75,Male,616-878-8408,tgodliphu@geocities.com,49,80,205,A+,3/29/13,11/13/10
644,Harold,Duny,3/23/94,Male,735-199-9795,hdunyhv@123-reg.co.uk,31,79,183,O-,2/6/20,9/23/23
645,Ferrel,Veall,6/7/99,Male,522-560-4110,fveallhw@bravesites.com,26,79,133,O+,1/29/09,7/20/06
646,Selby,Brouard,3/23/74,Male,983-291-0766,sbrouardhx@360.cn,51,79,150,O-,9/28/15,11/14/15
647,Jerry,Bowcock,10/28/21,Female,455-683-0321,jbowcockhy@dailymail.co.uk,3,40,10,A+,10/27/22,4/9/11
648,Therese,Bennie,4/28/72,Agender,510-759-8777,tbenniehz@ow.ly,53,75,167,AB-,8/20/15,7/12/10
649,Oralle,D'Arrigo,9/25/17,Female,896-282-1865,odarrigoi0@nba.com,7,36,22,AB+,9/22/18,6/24/03
650,Yolande,Dumsday,3/7/98,Female,141-686-9560,ydumsdayi1@github.io,27,75,130,A-,9/5/00,11/21/21
651,Renato,Farmar,6/1/24,Male,666-705-6664,rfarmari2@rakuten.co.jp,1,37,9,A-,11/23/21,10/6/12
652,Codi,Beames,3/26/14,Male,248-254-0474,cbeamesi3@4shared.com,11,61,52,AB-,2/14/23,9/21/01
653,Mort,Tuddenham,6/14/80,Male,987-180-6418,mtuddenhami4@slashdot.org,45,80,197,AB-,7/29/10,11/23/16
654,Lucas,Audritt,6/9/16,Male,373-885-5369,laudritti5@weather.com,9,46,49,A-,3/14/18,8/20/12
655,Samuel,Robson,9/9/74,Male,924-946-7699,srobsoni6@artisteer.com,50,77,161,A-,11/2/01,5/31/05
656,Winn,Managh,3/6/95,Male,245-694-5528,wmanaghi7@marriott.com,30,76,140,A+,11/27/21,2/20/14
657,Daile,Bockman,6/23/22,Female,475-766-7435,dbockmani8@vinaora.com,3,31,17,O-,12/30/13,12/18/09
658,Holden,Postill,5/8/10,Male,135-231-4510,hpostilli9@shop-pro.jp,15,60,51,A-,12/15/07,1/21/06
659,Eddy,Collick,9/11/86,Male,730-671-8973,ecollickia@ning.com,38,79,180,AB+,12/2/23,7/23/01
660,Nicko,Whelan,4/13/07,Male,930-286-3831,nwhelanib@cnbc.com,18,64,64,AB+,2/12/15,6/20/22
661,Codie,Mound,11/21/91,Male,920-815-5313,cmoundic@cbc.ca,33,75,189,A-,8/27/04,4/8/04
662,Barclay,Hrinishin,3/25/78,Genderqueer,994-691-4136,bhrinishinid@auda.org.au,47,77,183,AB+,11/24/20,5/20/14
663,Ichabod,Paish,5/7/05,Male,612-849-5441,ipaishie@epa.gov,20,79,65,B-,12/11/04,5/31/14
664,Van,Wych,4/29/17,Polygender,569-988-2650,vwychif@miitbeian.gov.cn,8,55,43,AB-,1/31/09,1/22/02
665,Camile,Scemp,3/14/07,Female,863-696-4844,cscempig@miitbeian.gov.cn,18,55,69,B-,1/20/25,3/10/11
666,Dyanne,Baumaier,11/5/89,Female,151-190-1478,dbaumaierih@newyorker.com,35,78,201,O+,1/10/18,5/15/05
667,Ofella,Zanuciolii,1/24/74,Female,188-125-1246,ozanucioliiii@ca.gov,51,77,182,A-,6/8/17,7/28/14
668,Gae,Gruszka,3/10/78,Female,150-577-4813,ggruszkaij@moonfruit.com,47,80,178,O+,4/11/05,7/10/06
669,Stern,Dreinan,2/11/06,Male,917-854-0537,sdreinanik@mtv.com,19,80,69,A-,4/24/14,12/5/06
670,Feliza,Kenningham,12/7/08,Female,759-820-1242,fkenninghamil@mediafire.com,16,67,60,AB-,6/19/08,7/18/20
671,Natale,Fossett,7/27/22,Male,894-205-9972,nfossettim@usda.gov,3,25,14,O+,9/7/23,4/2/03
672,Evania,Benito,3/16/97,Agender,630-162-5512,ebenitoin@wufoo.com,28,80,134,A+,1/16/11,11/13/23
673,Katharina,Yushachkov,11/27/85,Female,508-547-6398,kyushachkovio@wikimedia.org,39,79,190,AB+,4/19/05,1/16/16
674,Estele,Coneybeare,3/7/10,Female,840-507-7494,econeybeareip@ycombinator.com,15,69,57,A-,8/18/16,1/31/23
675,Julie,Mooring,12/18/02,Male,405-256-7463,jmooringiq@indiatimes.com,22,77,89,O+,2/18/23,3/23/13
676,Kermy,Meiklem,9/5/93,Bigender,858-606-0550,kmeiklemir@goo.gl,31,75,187,A-,7/25/07,12/14/21
677,Whittaker,Minghi,12/13/87,Male,897-997-6344,wminghiis@ucsd.edu,37,79,162,AB+,4/15/07,12/11/01
678,Nicole,Jado,2/13/75,Non-binary,491-195-9427,njadoit@typepad.com,50,78,173,O+,12/26/19,7/21/03
679,Barron,Walkey,5/23/07,Agender,171-235-6570,bwalkeyiu@rediff.com,18,66,78,A-,6/30/06,3/23/07
680,Easter,Phillimore,2/12/94,Female,201-868-8197,ephillimoreiv@woothemes.com,31,78,197,A-,8/5/07,2/3/14
681,Angil,Mountlow,1/1/16,Female,157-841-6383,amountlowiw@ft.com,9,54,47,B-,1/31/07,8/17/14
682,Chris,Dermott,9/4/70,Male,706-884-8605,cdermottix@vkontakte.ru,54,78,181,AB-,4/28/10,11/6/18
683,Roze,Gurdon,2/2/91,Female,528-452-5786,rgurdoniy@myspace.com,34,76,187,B-,7/9/01,4/10/20
684,Ollie,McCluskey,11/28/82,Female,130-210-6012,omccluskeyiz@smugmug.com,42,79,184,B-,8/17/03,1/18/25
685,Penelopa,Shenton,5/9/76,Non-binary,743-878-2718,pshentonj0@flickr.com,49,79,164,A-,9/1/12,2/21/15
686,Werner,Simoncelli,10/9/24,Bigender,897-676-8685,wsimoncellij1@addtoany.com,0,27,13,A-,9/30/24,6/30/09
687,Irena,Clac,1/31/03,Female,629-706-1980,iclacj2@msu.edu,22,76,91,AB-,8/5/22,10/29/13
688,Althea,Shortcliffe,8/7/23,Female,176-624-8246,ashortcliffej3@yahoo.co.jp,2,36,8,AB+,6/15/01,7/31/21
689,Andrea,Penson,3/24/07,Male,315-531-5506,apensonj4@myspace.com,18,57,62,B-,5/2/03,11/20/04
690,Rossy,Timmens,10/1/13,Male,369-495-6384,rtimmensj5@tmall.com,11,69,59,A-,8/3/15,7/21/08
691,Alana,Bread,4/25/13,Female,448-138-4606,abreadj6@baidu.com,12,74,52,A-,8/8/21,5/4/20
692,Jasmin,Moorey,11/5/02,Female,531-591-4896,jmooreyj7@xing.com,22,78,112,AB+,1/4/15,4/27/01
693,Holly-anne,Maydwell,11/13/00,Female,256-941-5094,hmaydwellj8@bloglines.com,24,78,126,O-,4/21/03,4/23/11
694,Cecil,Roark,10/26/72,Female,702-253-5579,croarkj9@vkontakte.ru,52,75,163,A+,4/19/06,1/18/04
695,Ingrim,Pendrigh,4/4/70,Male,823-969-5376,ipendrighja@ed.gov,55,75,202,AB+,4/5/03,1/16/16
696,Doreen,Eilers,4/24/13,Female,287-974-9291,deilersjb@w3.org,12,59,58,AB-,9/16/07,12/25/15
697,Janeczka,Oakwell,11/9/94,Female,939-866-5912,joakwelljc@weather.com,30,78,141,A-,11/26/13,7/9/08
698,Gerty,Wetwood,8/31/18,Female,321-657-5024,gwetwoodjd@cloudflare.com,6,39,11,AB+,3/1/00,4/6/22
699,Mayer,Frotton,7/19/96,Male,849-583-1737,mfrottonje@twitpic.com,29,80,143,A+,5/9/15,12/20/14
700,Olwen,Cordero,4/6/80,Female,159-479-8622,ocorderojf@unicef.org,45,79,201,O+,1/16/13,11/21/21
701,Petronia,Espadas,1/17/25,Female,401-756-4504,pespadasjg@mozilla.com,0,29,27,O-,12/10/03,5/21/02
702,Jaymee,Lonnon,2/8/16,Female,582-389-3856,jlonnonjh@accuweather.com,9,46,47,A+,5/13/00,12/10/13
703,Tarrah,Moreing,1/15/13,Genderqueer,113-804-2789,tmoreingji@bizjournals.com,12,55,50,A+,5/31/13,5/10/23
704,Constancy,Venn,8/31/06,Female,873-275-5596,cvennjj@ocn.ne.jp,18,64,63,AB+,3/14/16,10/16/23
705,Hyacinthie,Murton,7/14/22,Genderqueer,491-917-7499,hmurtonjk@tripadvisor.com,3,26,8,B-,11/12/05,10/20/03
706,Henryetta,Grayland,7/10/75,Female,799-586-0965,hgraylandjl@i2i.jp,50,76,165,O-,6/13/15,12/9/06
707,Stacee,Greally,10/5/91,Female,765-810-6233,sgreallyjm@census.gov,33,78,207,B-,2/9/17,3/10/14
708,Abbe,Spedding,12/26/23,Male,733-737-2528,aspeddingjn@jiathis.com,1,40,7,AB-,8/19/05,11/8/10
709,Lucho,Speares,11/5/05,Male,425-720-3930,lspearesjo@illinois.edu,19,78,60,O+,10/17/18,9/29/20
710,Pattie,MacIlraith,10/11/21,Female,770-865-2599,pmacilraithjp@guardian.co.uk,3,32,14,O+,9/24/03,9/22/08
711,Abagael,Gulley,5/13/08,Female,172-922-9949,agulleyjq@examiner.com,17,60,60,AB+,11/16/13,11/11/23
712,Janek,Paddie,8/21/14,Male,802-422-6486,jpaddiejr@wordpress.org,10,46,42,O+,1/17/11,6/29/22
713,Forrester,Ulyatt,9/28/82,Male,250-831-2354,fulyattjs@comsenz.com,42,79,176,A-,1/1/21,10/20/07
714,Cherilynn,Blackall,11/4/12,Female,630-382-5086,cblackalljt@delicious.com,12,68,50,AB-,7/27/15,4/22/20
715,Packston,Breens,3/25/04,Male,574-102-4629,pbreensju@desdev.cn,21,80,123,O+,11/10/15,6/14/17
716,Kerby,Engel,12/10/23,Male,483-496-0519,kengeljv@netlog.com,1,31,16,O-,5/7/11,1/8/20
717,Mignonne,Kingaby,11/1/82,Female,115-537-2856,mkingabyjw@wordpress.com,42,76,175,A+,6/11/01,7/9/04
718,Hillard,Whittam,5/23/16,Male,245-558-1258,hwhittamjx@jimdo.com,9,54,50,B-,1/19/25,4/16/06
719,Reade,Bilbrey,6/28/18,Male,385-568-2869,rbilbreyjy@php.net,7,26,14,AB+,11/14/18,5/23/06
720,Any,Broadwood,11/29/13,Male,267-657-2874,abroadwoodjz@multiply.com,11,71,60,O-,8/20/02,9/4/01
721,Garland,Abrehart,5/1/88,Agender,977-401-5913,gabrehartk0@baidu.com,37,80,169,O+,4/8/11,2/17/05
722,Waverley,Karleman,4/1/86,Male,150-363-9117,wkarlemank1@ustream.tv,39,76,201,AB-,2/17/10,4/24/03
723,Micki,Morteo,6/20/85,Female,147-572-2784,mmorteok2@about.com,40,79,184,B-,10/16/12,10/14/16
724,Budd,Dispencer,8/23/94,Male,757-376-0766,bdispencerk3@tmall.com,31,78,202,A+,8/14/06,1/19/18
725,Rafael,Jaksic,7/22/86,Male,436-497-3564,rjaksick4@yellowpages.com,39,75,163,B-,11/28/04,9/11/15
726,Coleen,Bruckshaw,12/28/04,Female,715-478-7461,cbruckshawk5@economist.com,20,80,62,AB-,5/25/05,6/10/10
727,Felicio,Wasielewski,10/8/77,Male,998-580-5582,fwasielewskik6@diigo.com,47,79,158,O+,2/8/17,7/3/24
728,Herc,Arnson,12/27/05,Male,949-557-7280,harnsonk7@theguardian.com,19,76,66,B-,1/23/22,5/13/19
729,Alanna,Lau,12/27/16,Female,704-935-6100,alauk8@wunderground.com,8,43,47,O-,8/19/19,1/5/07
730,Abba,Stanbro,7/16/84,Male,323-742-0623,astanbrok9@mozilla.com,41,80,209,O-,7/31/06,2/10/12
731,Lola,Tremollet,9/7/90,Bigender,942-245-7861,ltremolletka@trellian.com,34,79,210,AB+,12/7/24,12/3/24
732,Elana,Godrich,11/10/70,Female,799-787-7952,egodrichkb@epa.gov,54,78,172,AB-,7/10/07,2/4/10
733,Donnell,Goodsal,8/16/87,Male,763-203-6987,dgoodsalkc@dot.gov,38,78,175,O+,11/20/05,3/8/10
734,Star,Archdeckne,11/4/00,Female,366-197-9281,sarchdecknekd@alibaba.com,24,75,97,A+,3/18/19,1/9/25
735,Pepita,Itzkovici,9/14/90,Female,958-645-8598,pitzkovicike@skype.com,34,80,151,AB-,6/22/15,12/17/19
736,Petey,Gooderick,9/21/82,Male,588-420-4146,pgooderickkf@sfgate.com,42,78,176,AB-,6/15/13,11/5/16
737,Roderick,Mantz,7/3/85,Male,846-428-2789,rmantzkg@meetup.com,40,75,152,O-,7/4/00,5/22/11
738,Abbie,Creech,2/12/18,Male,777-208-4676,acreechkh@spiegel.de,7,26,31,A+,4/12/17,5/21/20
739,Mariele,Pulford,2/12/11,Female,536-780-2663,mpulfordki@goodreads.com,14,69,55,O+,9/30/14,11/21/15
740,Jamie,Westmancoat,6/10/98,Female,253-475-4520,jwestmancoatkj@bloomberg.com,27,76,132,O-,4/7/20,1/6/19
741,Amberly,Pavel,8/15/93,Female,876-590-3044,apavelkk@netlog.com,32,75,163,A-,12/15/13,8/31/14
742,Claire,Falck,5/19/81,Female,532-553-3743,cfalckkl@sina.com.cn,44,76,190,AB-,10/22/18,2/7/15
743,Kennett,Egglestone,4/25/94,Male,961-947-3793,kegglestonekm@last.fm,31,78,199,O+,5/26/07,10/6/05
744,Blinnie,Trett,2/9/94,Female,714-689-8322,btrettkn@hhs.gov,31,75,173,O-,9/22/11,1/18/24
745,Filbert,Streatfeild,10/19/96,Non-binary,461-332-7855,fstreatfeildko@jugem.jp,28,77,138,O-,8/26/04,2/10/04
746,Skelly,Greystoke,8/6/80,Male,656-963-9314,sgreystokekp@webnode.com,45,78,154,O+,9/24/19,2/25/14
747,Cherey,Fosserd,10/16/98,Female,137-196-9718,cfosserdkq@amazon.co.jp,26,80,139,A-,2/15/09,6/9/15
748,Gunar,Greetland,2/23/95,Male,631-985-8694,ggreetlandkr@hexun.com,30,77,146,AB-,11/15/15,11/25/16
749,Walker,Erratt,9/3/00,Male,688-664-9118,werrattks@cam.ac.uk,24,75,128,AB+,1/30/04,6/27/04
750,Chantalle,Gelderd,12/20/73,Female,325-689-3389,cgelderdkt@wiley.com,51,75,168,AB-,12/23/18,5/16/20
751,Quill,Yankishin,9/18/15,Male,933-248-3515,qyankishinku@slate.com,9,53,49,AB-,1/4/09,7/29/10
752,Keir,Routh,7/22/01,Male,911-788-6768,krouthkv@devhub.com,24,76,85,O-,2/23/10,10/31/04
753,Celestyn,Fishburn,10/1/93,Female,459-383-0986,cfishburnkw@pagesperso-orange.fr,31,79,172,O-,12/3/20,12/23/19
754,Cleopatra,Boffin,5/9/16,Female,832-307-2714,cboffinkx@wix.com,9,55,42,A-,6/5/04,6/6/21
755,Morlee,Frostdick,2/7/16,Male,103-660-4039,mfrostdickky@arizona.edu,9,44,48,A+,3/30/17,10/21/19
756,Yanaton,Ping,8/27/16,Male,154-820-2671,ypingkz@mayoclinic.com,8,54,48,A+,4/27/21,8/23/16
757,Angelica,Jeandon,1/13/93,Female,268-240-8175,ajeandonl0@ox.ac.uk,32,76,200,AB+,9/4/07,12/24/15
758,Marnia,O'Hallihane,8/14/99,Female,971-537-5919,mohallihanel1@hibu.com,26,76,132,B-,6/21/23,7/18/15
759,Krishna,Storck,1/6/03,Male,293-755-6075,kstorckl2@ebay.com,22,76,112,O+,8/30/11,11/21/22
760,Warden,Getcliff,10/24/10,Male,899-517-6487,wgetcliffl3@google.com.hk,14,59,55,O+,12/24/22,5/21/14
761,Averill,Sumshon,2/24/74,Male,253-172-8689,asumshonl4@skyrock.com,51,78,187,O+,12/16/06,5/24/03
762,Lyn,Moyers,7/11/70,Male,234-837-5395,lmoyersl5@earthlink.net,55,79,167,O+,10/4/22,4/8/08
763,Jade,Bernardet,1/16/95,Female,894-392-9365,jbernardetl6@pen.io,30,78,135,AB+,3/20/06,1/26/08
764,Georgi,Tripney,11/18/08,Male,438-963-9327,gtripneyl7@usgs.gov,16,59,66,A+,8/4/18,9/25/03
765,Kelbee,Vernay,6/27/87,Male,194-232-3951,kvernayl8@seattletimes.com,38,78,174,O+,12/8/02,11/6/04
766,Theo,Flook,2/2/11,Male,948-779-8145,tflookl9@hao123.com,14,70,54,AB-,9/26/20,9/5/16
767,Tailor,Hucker,11/6/85,Male,252-753-0869,thuckerla@feedburner.com,39,78,192,AB-,3/18/14,7/31/16
768,Dora,Rozet,1/9/23,Female,701-870-1368,drozetlb@census.gov,2,39,21,AB+,1/3/25,10/9/09
769,Niccolo,Bliben,1/21/88,Male,507-726-5837,nblibenlc@zdnet.com,37,79,189,AB-,5/3/05,11/29/01
770,Nancee,MacShirie,12/25/91,Female,937-877-0135,nmacshirield@wikispaces.com,33,78,163,O-,11/7/21,4/1/08
771,Veronike,Penella,6/4/07,Female,616-583-7878,vpenellale@craigslist.org,18,66,60,A+,2/24/18,10/10/11
772,Alison,Dozdill,2/27/07,Female,980-894-0657,adozdilllf@cornell.edu,18,61,79,O+,8/1/10,3/25/07
773,Harri,Elderbrant,9/26/81,Female,148-691-4802,helderbrantlg@a8.net,43,78,194,O-,10/23/00,7/7/22
774,Doll,Droghan,8/20/90,Female,681-600-2738,ddroghanlh@hud.gov,35,75,208,A-,10/8/21,6/4/13
775,Darcie,Kopfer,12/29/21,Female,786-791-7908,dkopferli@sbwire.com,3,28,30,B-,7/6/02,4/30/04
776,Ilise,Weightman,9/8/76,Non-binary,915-489-9883,iweightmanlj@noaa.gov,48,79,157,O-,5/7/20,6/24/08
777,Shaine,Shoebrook,11/10/99,Male,292-399-3579,sshoebrooklk@spiegel.de,25,79,91,AB+,4/20/09,4/12/12
778,Christi,Zuanelli,1/19/24,Female,169-272-8270,czuanellill@fema.gov,1,40,39,A+,11/7/07,2/14/13
779,Traci,Butt Gow,10/20/16,Female,674-657-9164,tbuttgowlm@illinois.edu,8,51,40,AB-,8/12/10,11/3/10
780,Davon,Motto,10/13/00,Male,877-329-0309,dmottoln@admin.ch,24,76,91,A-,6/30/21,11/1/14
781,Towney,Rennicks,3/8/93,Male,842-814-4586,trennickslo@webmd.com,32,76,194,AB-,5/7/00,2/16/00
782,Shaylynn,Brotherhed,10/6/03,Female,772-178-3122,sbrotherhedlp@economist.com,21,78,120,O+,6/27/07,4/16/01
783,Gerik,Ernke,5/12/02,Male,685-211-4943,gernkelq@soup.io,23,78,111,AB-,8/2/17,5/12/12
784,Nerti,Odam,5/20/85,Female,551-421-4390,nodamlr@barnesandnoble.com,40,76,183,B-,5/9/18,7/24/17
785,Amaleta,Congdon,6/7/71,Female,642-376-0841,acongdonls@a8.net,54,75,170,O-,10/2/16,11/23/12
786,Millicent,Volant,7/15/13,Female,422-733-3522,mvolantlt@who.int,12,69,58,A+,12/2/15,8/26/01
787,Etty,Touret,9/3/93,Non-binary,890-676-8483,etouretlu@desdev.cn,31,78,201,A-,10/15/08,10/6/11
788,Vivie,Royce,3/24/24,Bigender,606-169-3491,vroycelv@exblog.jp,1,32,9,AB+,9/14/24,10/10/20
789,Berenice,Antonescu,1/1/12,Bigender,274-477-9751,bantonesculw@sitemeter.com,13,61,50,AB+,5/20/02,7/3/01
790,Berk,Gegg,1/13/09,Male,863-188-5065,bgegglx@sphinn.com,16,67,75,AB-,6/18/22,12/16/15
791,Shelton,Doget,9/16/11,Genderfluid,809-241-0140,sdogetly@sitemeter.com,13,68,58,O-,10/8/07,5/26/06
792,Porter,Measey,7/26/75,Male,570-347-8233,pmeaseylz@networkadvertising.org,50,75,165,AB+,5/5/21,5/2/16
793,Paul,Sammons,8/18/00,Male,612-476-7688,psammonsm0@hp.com,25,79,98,O-,3/29/24,11/23/14
794,Gail,Reckhouse,3/8/83,Male,621-324-8988,greckhousem1@icio.us,42,76,203,O+,4/15/11,2/23/04
795,Barron,Grishukov,2/19/94,Male,840-234-7664,bgrishukovm2@acquirethisname.com,31,80,150,A-,1/15/22,12/14/16
796,Marris,Anthoney,6/16/15,Female,450-830-1712,manthoneym3@reddit.com,10,44,47,A-,4/17/11,7/10/12
797,Dinnie,Ockendon,5/25/81,Female,758-713-0499,dockendonm4@fotki.com,44,78,167,AB+,3/25/07,11/19/18
798,Lethia,Elce,7/29/05,Female,419-960-4545,lelcem5@canalblog.com,20,76,76,B-,12/16/03,12/29/01
799,Tera,Gasson,11/3/07,Female,599-402-0437,tgassonm6@ca.gov,17,60,68,AB-,11/2/12,11/25/20
800,Dannie,Jurgenson,1/11/92,Male,201-357-7414,djurgensonm7@etsy.com,33,78,210,O-,9/15/13,4/20/06
801,Far,Valenti,2/15/14,Male,777-142-6685,fvalentim8@barnesandnoble.com,11,69,51,B-,2/7/06,10/11/19
802,Bourke,Snashall,3/21/86,Male,904-976-0766,bsnashallm9@shinystat.com,39,80,189,B-,10/3/07,6/17/10
803,Saraann,Tollow,8/31/14,Female,194-778-4059,stollowma@diigo.com,10,50,50,O-,9/10/18,12/18/15
804,Roger,Tute,12/13/19,Male,447-362-7303,rtutemb@paginegialle.it,5,34,36,AB-,8/20/10,9/29/14
805,Ross,Yakunkin,7/7/79,Male,388-648-8370,ryakunkinmc@prnewswire.com,46,77,151,A+,11/24/15,6/27/20
806,Cash,Wonham,11/23/11,Male,526-547-0642,cwonhammd@ezinearticles.com,13,62,55,O-,1/31/17,8/10/09
807,Farlee,Streat,12/30/82,Male,461-174-7048,fstreatme@chron.com,42,77,192,O+,4/28/20,1/16/16
808,Vitia,Raycroft,6/23/92,Female,632-678-9792,vraycroftmf@dot.gov,33,76,158,A-,4/9/00,10/24/23
809,Tasia,Fullegar,6/12/03,Female,483-773-8965,tfullegarmg@ebay.co.uk,22,76,111,O+,5/3/22,10/5/24
810,Albert,Burril,9/14/96,Male,416-977-8973,aburrilmh@diigo.com,28,80,142,B-,6/10/14,2/13/03
811,Austin,Jumel,8/20/97,Female,330-365-4438,ajumelmi@e-recht24.de,28,78,137,AB-,8/30/11,7/24/14
812,Stanislaus,Trump,3/30/18,Male,157-640-7386,strumpmj@tinypic.com,7,33,25,AB+,11/3/11,9/5/14
813,Lucie,Wainwright,12/12/08,Genderfluid,200-536-4351,lwainwrightmk@epa.gov,16,65,62,O+,3/28/09,3/21/21
814,Teressa,Bunn,5/25/79,Female,399-422-8432,tbunnml@quantcast.com,46,75,187,O+,7/8/13,8/8/14
815,Farley,Beales,3/27/77,Male,336-867-2895,fbealesmm@wikia.com,48,79,164,O+,11/25/09,12/16/03
816,Brockie,Pehrsson,3/20/15,Male,251-255-0139,bpehrssonmn@google.nl,10,51,40,O-,11/12/19,9/22/19
817,Corenda,Amburgy,4/25/94,Female,903-194-3387,camburgymo@jiathis.com,31,78,160,AB+,3/1/10,8/23/19
818,Pablo,Faudrie,4/30/90,Male,556-822-7127,pfaudriemp@patch.com,35,76,171,O+,4/29/03,2/17/18
819,Clara,Liggens,4/11/94,Female,571-758-3993,cliggensmq@deviantart.com,31,78,204,O+,10/1/19,3/22/07
820,Kristin,Farrah,6/14/88,Female,525-851-1109,kfarrahmr@ask.com,37,75,193,B-,11/11/12,12/26/03
821,Son,Corneck,8/26/23,Male,977-949-1437,scorneckms@ca.gov,1,34,10,A+,11/21/08,7/17/00
822,Addy,Threadgould,3/27/18,Female,525-575-8916,athreadgouldmt@tamu.edu,7,34,35,O+,9/4/00,5/17/21
823,Nikola,Matthias,1/22/25,Male,859-209-9910,nmatthiasmu@about.me,0,40,31,AB+,5/3/18,10/12/03
824,Jacquenette,Philippart,5/23/89,Female,812-208-9181,jphilippartmv@paginegialle.it,36,77,184,AB-,6/17/24,10/2/11
825,Gavra,Lynn,11/5/22,Female,509-264-5243,glynnmw@arizona.edu,2,34,37,A-,12/1/20,3/16/17
826,Sonya,Galgey,9/6/11,Female,464-819-2006,sgalgeymx@businessweek.com,13,58,55,A-,8/19/19,3/10/07
827,Issi,Follit,9/26/16,Genderfluid,768-918-2644,ifollitmy@sciencedaily.com,8,44,42,AB+,11/26/09,12/6/07
828,Arnoldo,Domenici,9/8/93,Male,423-587-3765,adomenicimz@soup.io,31,78,178,B-,9/8/07,6/9/17
829,Laughton,Borrell,11/24/19,Male,850-575-2548,lborrelln0@prlog.org,5,29,32,AB-,4/21/20,8/10/01
830,Janeczka,Brayford,12/12/93,Female,172-606-5179,jbrayfordn1@creativecommons.org,31,76,197,A+,1/14/19,1/6/04
831,Augustina,Choppin,12/17/23,Female,499-643-8713,achoppinn2@earthlink.net,1,25,13,O+,10/4/22,10/9/20
832,Tommie,Virr,2/23/15,Female,328-806-4214,tvirrn3@dyndns.org,10,44,44,AB-,5/18/21,3/20/15
833,Karole,MacRonald,1/28/71,Female,140-366-7478,kmacronaldn4@woothemes.com,54,76,161,AB-,8/11/10,8/3/13
834,Madlin,Bariball,4/12/00,Female,955-619-7767,mbariballn5@macromedia.com,25,80,100,AB-,9/18/19,8/2/18
835,Dodi,Larrie,3/3/00,Female,959-184-1937,dlarrien6@ustream.tv,25,78,98,A+,3/9/20,12/23/10
836,Sergeant,Rustan,7/14/84,Male,636-524-4357,srustann7@unicef.org,41,78,201,AB+,3/17/22,11/30/20
837,Delano,Jesty,8/1/04,Male,700-604-4116,djestyn8@spiegel.de,21,79,129,A+,3/1/05,7/8/15
838,Gilles,Clendening,7/25/11,Male,539-235-9375,gclendeningn9@flickr.com,14,63,51,A-,4/24/08,11/14/23
839,Jenilee,Willgrass,11/17/00,Female,229-738-5349,jwillgrassna@biblegateway.com,24,80,81,AB+,8/13/19,10/14/15
840,Ariadne,Pratt,6/16/80,Female,109-475-7662,aprattnb@jigsy.com,45,75,210,O+,2/7/06,11/8/22
841,Eileen,Iston,10/25/05,Female,255-435-3294,eistonnc@webnode.com,19,75,78,O-,5/10/18,6/6/02
842,Cass,Whiston,1/1/89,Female,877-424-2118,cwhistonnd@newsvine.com,36,76,162,A-,7/30/24,12/21/10
843,Winna,Caddan,6/3/75,Female,366-258-7776,wcaddanne@hostgator.com,50,76,180,A+,7/5/22,2/19/16
844,Dorette,Renforth,9/6/19,Female,666-754-5171,drenforthnf@arstechnica.com,5,39,24,A-,11/9/18,9/23/00
845,Ikey,Sander,10/20/07,Non-binary,881-543-4029,isanderng@bloglovin.com,17,64,80,O+,6/29/20,12/6/19
846,Dorice,Garlee,1/30/15,Female,552-333-2101,dgarleenh@ow.ly,10,51,46,O+,11/20/03,11/16/08
847,Laurie,Clemenzi,7/30/02,Male,203-723-7662,lclemenzini@telegraph.co.uk,23,79,116,O-,3/27/17,3/12/13
848,Siegfried,Bulch,8/4/02,Male,345-433-8779,sbulchnj@jigsy.com,23,76,128,O+,3/25/21,8/16/15
849,Lamond,Rendall,8/31/24,Male,488-966-7556,lrendallnk@github.io,0,30,37,O-,12/22/16,4/8/21
850,Irwinn,Dogg,3/31/00,Male,467-488-2211,idoggnl@si.edu,25,80,130,O+,8/14/08,7/4/19
851,Ebonee,Mabbs,6/11/12,Female,511-583-2407,emabbsnm@businessinsider.com,13,65,60,AB-,9/12/11,5/29/13
852,Durand,Rizzillo,3/23/00,Male,540-122-5119,drizzillonn@chron.com,25,77,102,A+,11/22/17,5/21/10
853,Dacie,Gallardo,3/23/96,Female,687-695-2185,dgallardono@fema.gov,29,79,150,A+,9/1/20,2/17/00
854,Kayley,Gentner,5/16/82,Female,141-539-8461,kgentnernp@imdb.com,43,79,173,B-,7/7/07,9/19/18
855,Ursa,Rooze,12/12/01,Female,716-664-0687,uroozenq@booking.com,23,78,112,O+,7/5/08,12/24/06
856,Ashley,Burchard,9/10/84,Male,745-264-2136,aburchardnr@taobao.com,40,79,155,A+,6/21/12,11/23/15
857,Banky,Feldhuhn,10/16/85,Male,777-148-9408,bfeldhuhnns@skype.com,39,79,152,A+,12/19/09,4/26/22
858,Ingaberg,Annable,10/1/80,Female,638-788-7903,iannablent@tiny.cc,44,79,167,O-,11/6/07,9/6/03
859,Ollie,Gilfether,4/8/75,Female,779-234-4359,ogilfethernu@biglobe.ne.jp,50,76,159,AB+,7/11/16,11/28/09
860,Sigrid,McKelvie,10/2/87,Agender,250-920-0985,smckelvienv@barnesandnoble.com,37,76,160,O+,8/8/21,2/20/04
861,Merralee,Retallick,11/11/87,Female,725-843-0772,mretallicknw@cyberchimps.com,37,78,205,A-,9/13/07,1/9/14
862,Hannie,Spalton,7/26/22,Female,945-365-7106,hspaltonnx@ustream.tv,3,26,22,AB-,12/31/24,6/21/21
863,Alyssa,Gaisford,7/18/14,Female,620-725-0539,agaisfordny@twitter.com,11,66,56,O-,6/3/05,11/14/15
864,Egor,McGraffin,9/21/16,Genderfluid,917-240-2021,emcgraffinnz@opera.com,8,42,42,A-,9/27/17,7/6/14
865,Lyndy,Paike,4/6/99,Female,427-566-2839,lpaikeo0@usatoday.com,26,78,142,A-,2/19/16,7/7/21
866,Chloe,Donlon,7/28/75,Female,143-474-9400,cdonlono1@telegraph.co.uk,50,77,176,A-,4/9/00,8/4/00
867,Dre,Hargate,9/6/88,Female,783-691-6562,dhargateo2@soup.io,36,80,207,AB+,12/2/03,12/8/21
868,Courtnay,Haysar,7/31/05,Male,535-844-1261,chaysaro3@exblog.jp,20,80,73,B-,4/5/10,6/11/19
869,Tawnya,Konert,5/2/02,Genderqueer,360-166-4297,tkonerto4@slideshare.net,23,76,99,A-,7/26/00,2/25/24
870,Christie,Cartledge,5/27/22,Male,110-504-9537,ccartledgeo5@dmoz.org,3,40,29,AB+,12/8/00,12/21/04
871,Fairlie,Matchett,12/13/16,Male,310-280-7196,fmatchetto6@joomla.org,8,50,40,A-,12/24/18,6/22/03
872,Brendon,Litzmann,5/9/03,Polygender,543-474-9010,blitzmanno7@addtoany.com,22,79,99,AB+,9/28/11,7/29/20
873,Clywd,Consterdine,6/2/10,Male,128-522-1931,cconsterdineo8@nytimes.com,15,55,52,O-,1/15/01,7/29/00
874,Karlik,Dilnot,8/21/13,Male,714-813-7384,kdilnoto9@privacy.gov.au,11,75,60,AB+,8/17/20,8/11/03
875,Wald,Cammell,9/3/94,Bigender,719-926-1043,wcammelloa@alexa.com,30,75,145,A+,10/26/07,3/30/02
876,Aron,Beck,8/30/11,Male,200-995-5270,abeckob@icq.com,13,74,59,A+,11/6/20,11/16/13
877,Glyn,Kirgan,5/8/80,Agender,360-845-4523,gkirganoc@europa.eu,45,80,208,AB-,11/28/19,8/18/03
878,Neda,Yanov,10/1/88,Female,651-589-6136,nyanovod@myspace.com,36,79,160,A-,3/4/06,11/16/06
879,Veronica,Chander,8/18/80,Female,177-542-8458,vchanderoe@scribd.com,45,75,195,O+,1/29/07,9/5/08
880,Jermaine,Tinsley,7/2/71,Female,698-102-9779,jtinsleyof@i2i.jp,54,75,203,B-,11/15/05,11/23/00
881,Eimile,Battaille,1/21/78,Female,627-524-7212,ebattailleog@skyrock.com,47,80,164,A-,4/10/24,2/2/02
882,Cris,Northedge,8/8/91,Female,702-956-0201,cnorthedgeoh@tmall.com,34,78,202,A-,2/19/09,3/4/13
883,Honey,McShirrie,8/28/91,Female,328-898-4861,hmcshirrieoi@apache.org,33,76,210,O+,2/26/12,5/22/10
884,Berton,Wormstone,6/21/23,Male,105-615-8960,bwormstoneoj@g.co,2,27,16,O+,2/17/21,5/25/08
885,Nicola,Eberz,5/13/90,Male,317-342-5521,neberzok@people.com.cn,35,79,165,O+,8/14/14,12/13/16
886,Myrtia,Godwyn,3/29/02,Female,739-644-5492,mgodwynol@cbslocal.com,23,77,117,O-,10/10/21,9/19/12
887,Sacha,Sails,11/17/24,Female,562-345-6231,ssailsom@hatena.ne.jp,0,40,16,B-,4/24/11,3/29/00
888,Loy,Warters,8/21/97,Male,480-800-9257,lwarterson@adobe.com,28,80,135,AB+,1/24/01,10/22/02
889,Ritchie,Cockshott,2/15/73,Male,416-666-1213,rcockshottoo@ow.ly,52,75,152,B-,2/15/02,1/26/04
890,Tine,McGill,3/26/05,Female,917-810-5936,tmcgillop@dion.ne.jp,20,75,68,B-,11/18/14,4/1/17
891,Stillmann,Lichtfoth,2/10/76,Male,236-495-2506,slichtfothoq@t.co,49,76,194,O+,1/4/24,5/14/07
892,Anatole,Mawd,3/25/09,Male,474-125-6997,amawdor@cafepress.com,16,61,66,A-,4/8/14,9/12/13
893,Zitella,Bazoge,6/16/89,Female,620-273-3999,zbazogeos@webnode.com,36,80,188,A+,12/6/18,10/14/20
894,Kitty,Rathe,4/20/93,Female,409-913-7049,kratheot@google.co.uk,32,76,159,O+,8/28/09,3/27/09
895,Min,Sandbach,12/30/92,Female,715-158-4950,msandbachou@pen.io,32,78,184,A+,10/24/23,11/13/03
896,Bondie,Walburn,1/31/19,Male,840-872-5888,bwalburnov@goo.ne.jp,6,32,34,A-,11/20/00,6/29/20
897,Reena,Hadland,7/2/80,Female,259-717-8859,rhadlandow@acquirethisname.com,45,80,153,O-,3/14/11,7/27/05
898,Dallas,McGonigle,6/11/77,Female,387-705-9001,dmcgonigleox@nba.com,48,80,196,O+,10/11/21,7/4/14
899,Orland,Hebblewaite,7/22/97,Male,229-451-0564,ohebblewaiteoy@senate.gov,28,77,135,O-,4/7/00,8/27/15
900,Pavlov,Demougeot,9/26/15,Male,562-428-7248,pdemougeotoz@google.co.jp,9,54,44,AB-,1/24/08,4/17/06
901,Latashia,Edmonds,7/7/20,Female,134-734-9816,ledmondsp0@howstuffworks.com,5,32,30,AB+,7/26/17,5/16/18
902,Caritta,Zanutti,9/20/82,Female,304-354-9320,czanuttip1@bluehost.com,42,75,202,O+,6/22/01,6/29/19
903,Doy,Kewish,12/17/90,Male,697-874-5107,dkewishp2@w3.org,34,76,201,AB+,11/17/07,11/20/00
904,Henrieta,Scotchford,9/11/89,Female,203-327-8562,hscotchfordp3@reddit.com,35,77,203,AB-,3/13/22,8/24/12
905,Woodie,Molloy,8/14/94,Male,630-584-9137,wmolloyp4@dion.ne.jp,31,78,157,O-,10/21/08,3/7/04
906,Shalom,Vinter,5/23/15,Male,310-991-7866,svinterp5@blogspot.com,10,52,40,AB-,9/14/13,10/26/12
907,Isabeau,Skillings,1/25/05,Female,612-173-0154,iskillingsp6@imgur.com,20,78,77,O-,1/24/21,9/1/17
908,Julietta,Cowins,8/6/87,Female,354-310-4865,jcowinsp7@meetup.com,38,78,161,B-,2/10/16,6/30/05
909,Ossie,Southworth,7/20/17,Male,855-351-9521,osouthworthp8@psu.edu,8,55,40,B-,3/14/10,11/20/17
910,Kenon,Scoggans,7/9/91,Male,658-216-9609,kscoggansp9@bloglines.com,34,77,198,AB+,8/16/12,4/2/16
911,Iggie,Lanmeid,4/4/85,Male,976-647-1126,ilanmeidpa@cnet.com,40,79,207,B-,7/23/03,10/26/23
912,Milt,Sharrock,2/21/06,Male,816-562-6072,msharrockpb@livejournal.com,19,75,79,A-,7/8/23,6/20/02
913,Marian,MacKniely,2/15/22,Female,685-910-5567,mmacknielypc@msu.edu,3,26,26,O-,4/26/21,3/23/08
914,Joni,Strettell,4/9/94,Female,878-686-1926,jstrettellpd@ed.gov,31,76,192,O-,10/4/09,4/21/23
915,Kandy,Hulle,10/24/94,Agender,581-453-3098,khullepe@geocities.com,30,78,132,O-,10/19/14,10/12/09
916,Nikolas,Woodrough,2/25/13,Genderfluid,157-855-8274,nwoodroughpf@who.int,12,64,54,O-,8/21/15,5/27/08
917,Omero,Jukubczak,10/6/90,Male,695-219-7051,ojukubczakpg@biglobe.ne.jp,34,76,199,A-,4/24/11,4/6/23
918,Linnet,Maton,9/3/79,Female,388-711-3170,lmatonph@tamu.edu,45,78,174,A-,5/11/00,2/5/01
919,Bjorn,Postles,10/11/70,Male,892-811-5209,bpostlespi@cpanel.net,54,77,173,AB+,2/2/16,3/6/09
920,Calli,Vedenyapin,7/29/96,Female,321-188-7865,cvedenyapinpj@fda.gov,29,76,140,O+,4/8/18,9/14/21
921,Mufinella,Sisson,4/18/16,Female,394-816-6543,msissonpk@slashdot.org,9,47,48,AB-,9/14/14,7/13/05
922,Anna-maria,Anlay,4/24/89,Female,909-151-3607,aanlaypl@engadget.com,36,80,193,B-,12/8/07,6/22/06
923,Maighdiln,Gyorgy,11/24/77,Female,386-181-5661,mgyorgypm@bluehost.com,47,79,200,O-,5/20/20,10/18/11
924,Corinne,Nibloe,4/6/21,Female,354-283-9251,cnibloepn@state.tx.us,4,33,34,O-,1/30/16,12/2/20
925,Irving,Bretland,10/10/22,Male,402-325-0424,ibretlandpo@webnode.com,2,26,15,AB+,6/18/16,11/3/08
926,Sawyer,Grelka,4/4/74,Male,464-646-9798,sgrelkapp@dion.ne.jp,51,77,168,O+,10/26/17,1/21/25
927,Garrick,Simakov,1/25/14,Male,816-245-3816,gsimakovpq@t.co,11,65,53,O-,11/24/07,11/4/22
928,Mitchel,Ollarenshaw,9/19/71,Male,920-155-6104,mollarenshawpr@nba.com,53,78,158,O-,1/9/01,2/1/09
929,Finn,Hawler,7/26/20,Male,855-757-0727,fhawlerps@yelp.com,5,36,17,O-,12/28/09,3/20/16
930,Erie,Lemmertz,5/15/99,Male,291-712-2515,elemmertzpt@apple.com,26,78,137,AB+,9/10/13,10/7/13
931,Riley,Taye,9/9/95,Male,242-615-9639,rtayepu@twitter.com,29,75,139,A-,6/13/16,1/20/24
932,Bette-ann,Dymocke,7/20/97,Female,634-953-8557,bdymockepv@t.co,28,75,147,O+,10/26/24,9/16/21
933,Goddard,Stollenbecker,9/4/98,Male,387-238-2551,gstollenbeckerpw@dailymotion.com,26,79,147,AB+,12/8/13,11/10/09
934,Charline,Newdick,8/25/92,Agender,954-558-8636,cnewdickpx@netscape.com,33,77,200,A+,12/20/14,9/15/23
935,Dulce,Mennell,6/3/76,Female,591-891-4130,dmennellpy@cnbc.com,49,77,171,O+,10/10/03,12/10/08
936,Anton,Guido,10/3/05,Male,634-709-9712,aguidopz@google.com.au,19,78,73,A+,12/18/17,1/22/03
937,Georgetta,Hardey,5/5/22,Female,509-904-1663,ghardeyq0@liveinternet.ru,3,37,36,A+,9/29/19,5/18/08
938,Chaunce,Putton,12/22/88,Male,399-904-0427,cputtonq1@cornell.edu,36,76,154,O-,10/10/08,4/5/05
939,Gratiana,Burney,9/21/72,Female,437-499-5470,gburneyq2@comsenz.com,52,76,186,AB-,11/9/22,8/19/23
940,Olimpia,Bartholin,5/2/07,Female,463-817-3482,obartholinq3@ezinearticles.com,18,60,70,A-,9/12/08,8/26/04
941,Woodie,Kubes,9/3/74,Male,174-389-7572,wkubesq4@go.com,50,80,165,AB+,6/24/12,6/20/23
942,Ava,Mabson,6/4/19,Female,513-645-2163,amabsonq5@unesco.org,6,35,22,A+,4/1/10,6/18/17
943,Shirline,Bernardo,5/4/85,Female,411-924-7833,sbernardoq6@sciencedaily.com,40,77,194,AB+,10/17/09,7/3/23
944,Natty,Marcham,4/18/24,Male,337-694-4107,nmarchamq7@usgs.gov,1,32,7,O-,9/8/16,5/3/15
945,Juliane,MacCaffery,8/22/71,Female,751-902-7255,jmaccafferyq8@nba.com,54,76,210,B-,3/28/24,4/19/12
946,Obidiah,Duffield,5/8/15,Male,625-878-9670,oduffieldq9@cmu.edu,10,53,40,A+,8/18/19,4/11/09
947,Zaria,Melato,1/21/82,Female,148-140-7476,zmelatoqa@constantcontact.com,43,77,197,AB-,10/3/23,12/10/18
948,Ellwood,Randalson,4/15/74,Male,782-342-9857,erandalsonqb@themeforest.net,51,80,197,A+,11/16/01,7/11/04
949,Kristy,Bownes,5/21/83,Female,931-153-1409,kbownesqc@craigslist.org,42,79,193,A+,8/26/16,4/13/19
950,Tracy,Bernaciak,4/9/85,Male,562-377-3205,tbernaciakqd@virginia.edu,40,80,209,O-,11/12/00,6/16/11
951,Cristobal,Francillo,12/27/70,Male,715-787-0184,cfrancilloqe@hostgator.com,54,76,156,O+,11/7/05,8/5/12
952,Hermy,Chatteris,3/19/11,Male,737-461-3769,hchatterisqf@hatena.ne.jp,14,61,60,AB-,1/15/17,1/14/24
953,Krisha,Claffey,3/25/03,Male,991-789-6808,kclaffeyqg@yale.edu,22,80,122,O-,11/3/13,12/19/22
954,Kendre,Brastead,8/13/22,Female,937-151-9682,kbrasteadqh@istockphoto.com,3,33,26,B-,11/5/03,12/24/17
955,Cahra,Tennock,2/17/78,Female,732-618-0472,ctennockqi@timesonline.co.uk,47,75,197,B-,9/30/04,12/22/07
956,Mycah,Sorensen,9/26/96,Male,483-375-8188,msorensenqj@ucsd.edu,28,78,137,B-,10/7/08,8/11/07
957,Jenelle,Hallgath,6/21/01,Female,399-595-6499,jhallgathqk@etsy.com,24,79,124,O-,1/3/05,4/27/02
958,Branden,Woodyatt,1/6/80,Polygender,193-139-0763,bwoodyattql@about.com,45,76,165,AB-,6/26/01,1/28/16
959,Dael,Ortes,11/18/83,Male,625-392-5757,dortesqm@sohu.com,41,79,187,AB-,4/10/13,11/24/13
960,Cinda,Warlowe,1/14/02,Genderqueer,664-509-5129,cwarloweqn@google.cn,23,76,83,AB-,12/30/02,6/22/01
961,Charlotte,Fearnehough,2/22/93,Female,660-809-9831,cfearnehoughqo@icio.us,32,76,158,O-,12/8/21,8/28/21
962,Anthea,Marlowe,2/12/97,Female,450-945-7019,amarloweqp@blogs.com,28,79,138,O+,12/15/24,2/13/17
963,Drugi,Larmett,5/24/17,Male,433-709-1614,dlarmettqq@nhs.uk,8,48,40,AB+,5/31/14,3/15/17
964,Elicia,Hutchens,2/21/83,Female,727-414-0503,ehutchensqr@cocolog-nifty.com,42,80,208,AB+,7/14/03,9/24/10
965,Ernst,Gascoigne,2/13/73,Male,458-486-9007,egascoigneqs@blogs.com,52,79,206,AB-,5/31/21,6/9/06
966,Bibbie,Betun,8/1/85,Female,610-765-6190,bbetunqt@google.de,40,77,191,A-,2/21/05,9/27/01
967,Rustie,Coppen,4/26/84,Male,569-143-0666,rcoppenqu@usnews.com,41,77,166,AB-,2/21/11,10/8/22
968,Ladonna,Molan,7/20/14,Female,676-532-9841,lmolanqv@ocn.ne.jp,11,72,56,AB+,11/22/14,1/1/03
969,Latashia,Jorry,12/17/01,Female,738-629-1482,ljorryqw@amazonaws.com,23,76,113,B-,5/28/00,3/14/00
970,Dulciana,Drayson,6/30/18,Female,237-533-9103,ddraysonqx@google.ca,7,29,19,B-,11/24/17,8/14/00
971,Dedie,Sandiford,5/11/99,Female,686-648-6225,dsandifordqy@uiuc.edu,26,78,137,AB+,7/6/11,3/17/18
972,Ossie,Shewan,6/12/15,Male,950-649-5146,oshewanqz@cmu.edu,10,53,46,A+,10/21/17,4/5/12
973,Cherice,McGing,12/1/79,Genderfluid,598-942-3130,cmcgingr0@independent.co.uk,45,79,154,A-,9/14/12,11/14/21
974,Minny,MacGaffey,7/23/93,Female,583-358-4951,mmacgaffeyr1@illinois.edu,32,79,172,AB-,2/17/19,12/25/08
975,Doralynne,Fawks,11/24/99,Female,195-252-3018,dfawksr2@skype.com,25,79,103,O-,4/2/19,12/13/07
976,Marjorie,Espinoza,9/16/02,Female,924-278-2301,mespinozar3@delicious.com,22,76,100,A+,6/18/14,9/26/22
977,Ellary,Yaldren,11/17/22,Male,455-534-8777,eyaldrenr4@cargocollective.com,2,38,28,A+,9/25/06,3/8/14
978,Gabie,Weatherhead,3/2/73,Male,606-900-4543,gweatherheadr5@cloudflare.com,52,77,189,A-,12/6/02,4/10/16
979,Kayne,Scotson,11/27/73,Genderfluid,619-308-6997,kscotsonr6@addthis.com,51,77,191,AB-,3/16/06,9/7/02
980,Byram,Rowan,12/27/18,Genderfluid,732-357-2265,browanr7@hhs.gov,6,31,12,O+,12/5/23,2/25/23
981,Gradeigh,Ganning,3/17/14,Male,299-271-7974,gganningr8@china.com.cn,11,68,54,A-,7/4/08,2/20/12
982,Esra,Kisting,11/7/85,Polygender,139-827-8367,ekistingr9@infoseek.co.jp,39,78,178,A+,9/14/11,10/18/01
983,Oralla,Osgordby,1/15/88,Female,776-673-3141,oosgordbyra@about.me,37,79,150,O-,4/9/04,8/15/05
984,Daisi,Ollerhead,12/16/06,Female,288-773-9853,dollerheadrb@usnews.com,18,58,64,A-,6/2/21,11/1/21
985,Whittaker,Beauvais,6/3/01,Male,112-716-0319,wbeauvaisrc@fda.gov,24,75,126,O-,1/1/21,7/25/12
986,Dona,Dmitrienko,12/20/96,Female,847-282-7327,ddmitrienkord@digg.com,28,80,150,A-,10/16/06,6/6/00
987,Garek,Leftley,8/16/03,Male,630-248-0086,gleftleyre@t-online.de,22,75,116,O+,10/14/07,11/24/20
988,Adella,Matic,11/30/14,Female,179-499-8749,amaticrf@addtoany.com,10,53,50,B-,5/30/18,7/30/09
989,Mattheus,Christmas,6/15/86,Male,343-810-2730,mchristmasrg@123-reg.co.uk,39,80,165,O-,9/24/12,6/8/04
990,Jeannie,Craft,2/7/76,Female,467-427-5812,jcraftrh@marketwatch.com,49,75,192,O+,11/19/07,11/6/03
991,Evelina,Steaning,3/24/05,Female,423-889-7014,esteaningri@samsung.com,20,80,61,O+,10/9/05,5/11/16
992,Mirabella,Draaisma,10/20/03,Female,574-638-4431,mdraaismarj@ehow.com,21,80,109,A+,8/4/09,2/17/10
993,Cherie,Gotch,1/14/88,Female,464-551-6641,cgotchrk@auda.org.au,37,79,161,O+,1/19/25,8/3/24
994,Nester,Domican,6/14/70,Male,702-788-1039,ndomicanrl@answers.com,55,77,196,B-,3/3/07,10/24/10
995,Raquel,Walsh,10/11/99,Female,844-649-8868,rwalshrm@usatoday.com,25,78,92,O+,4/22/21,5/21/14
996,Berky,Errigo,5/25/14,Genderfluid,136-890-9754,berrigorn@themeforest.net,11,57,54,AB+,7/28/10,1/2/06
997,Ernie,Seligson,4/8/82,Male,173-681-6976,eseligsonro@eepurl.com,43,78,187,AB-,4/15/10,7/9/11
998,Radcliffe,Goodhall,12/5/70,Male,616-433-3248,rgoodhallrp@unesco.org,54,78,171,AB+,10/6/07,2/3/03
999,Cosmo,Spender,5/25/78,Male,202-349-7062,cspenderrq@oracle.com,47,80,180,O-,12/28/05,9/5/24
1000,Abraham,Wearne,12/4/11,Male,306-874-0818,awearnerr@columbia.edu,13,56,58,A-,12/12/02,12/1/22